ID,Category,Difficulty,Question,ChoiceA,ChoiceB,ChoiceC,ChoiceD,CorrectIndex,Hint,Tags
1,エンタメ,1,映画館でよく使われる「予告編」の別名は？,トレーラー,イントロ,ショートムービー,スポット,0,映画の本編前に流れるあれ,映画
2,エンタメ,1,舞台で俳優がセリフを忘れた時に使われる言葉は？,トチる,モヤる,ハズす,ノル,0,舞台用語です,舞台
3,エンタメ,1,音楽ライブで「アンコール」が行われる理由として最も一般的なのは？,観客の拍手,セットリストの都合,照明の調整,楽器の冷却,0,観客の反応で発生します,音楽
4,エンタメ,1,バラエティ番組で使われる「テロップ」とは何？,文字の表示,背景音,照明演出,観客席の映像,0,テレビではよく多用される,テレビ
5,エンタメ,2,ドラマ撮影で「クランクイン」は何を意味する？,撮影開始,打ち上げ,編集開始,音声収録,0,撮影現場で使う専門用語,ドラマ
6,エンタメ,2,ゲーム制作で「NPC」の意味は？,操作できないキャラ,次世代プログラムコード,ネットプレイキャラ,新規プレイヤー,0,ストーリーでよく話す相手,ゲーム
7,エンタメ,2,アニメのオープニング曲を指す言葉として最も一般的なのは？,OP,ST,IN,FR,0,2文字で表すことが多い,アニメ
8,エンタメ,2,映画でシーン間を暗転させる技法を何という？,フェードアウト,ノーカット,クロスライン,ダブルショット,0,編集テクニック,映画
9,エンタメ,2,音楽業界で「タイアップ」とは何？,別メディアとの連動企画,声優の交代,曲のショート版,ライブの後半戦,0,アニメの主題歌などに多い,音楽
10,エンタメ,2,ゲームで「隠し要素」の英語として最もよく使われるのは？,シークレット,ノーマル,ハードコア,ライブ,0,プレイヤーが見つける楽しみ,ゲーム
11,エンタメ,3,映画撮影で「ワンカット撮影」とは何？,切らずに撮影し続ける,一人だけ映す,特定の角度で撮る,背景のみ撮る,0,編集せずに一続きで撮る手法,映画
12,エンタメ,3,ドラマでよくある「スピンオフ作品」は何？,別視点の派生作品,制作費が低い作品,予告だけの作品,短編のまとめ,0,元作品のキャラに焦点を当てる,ドラマ
13,エンタメ,3,アニメ制作で「原画マン」の主な仕事は？,重要な絵の決定稿を描く,背景を塗る,音声を録る,企画を立てる,0,アニメの動きの要になる部分,アニメ
14,エンタメ,3,ゲーム開発で「ベータ版」とはどんな段階？,不具合をテストする段階,完成品,アイデアスケッチ,デザイン決定稿,0,正式版前のテスト,ゲーム
15,エンタメ,3,音楽で「アコースティック」とは何を指す？,電気を使わない演奏,EDMの一種,金属楽器のみ,ソロ演奏,0,ギターでよく聞く言葉,音楽
16,エンタメ,1,テレビ番組で本番前に行う「リハーサル」は何の略？,特に略ではない,Ready Hall,Re Hearse,Run Hall,0,実は略語ではありません,テレビ
17,エンタメ,2,映画チケットの「レイトショー」とは？,夜遅い時間帯の上映,声優による解説付き上映,短編映画のみ上映,割引のない回,0,仕事帰りの人が行きやすい,映画
18,エンタメ,2,ゲームで「クラフト要素」があるとはどんな意味？,物を作れる,敵が多い,時間制限がある,オンライン専用,0,素材を集めることが多い,ゲーム
19,エンタメ,1,アニメでよく見る「SDキャラ」の“SD”の意味は？,スーパーデフォルメ,サードデザイン,スタンダード,スーパードライブ,0,小さくて可愛い姿,アニメ
20,エンタメ,3,映画で「エンドロール」が長い作品の特徴として多いのは？,制作スタッフが多い,主演が少ない,短編作品である,予算が少ない,0,スタッフ名がずらりと出る,映画
21,エンタメ,1,音楽でバンドの「フロントマン」とはどんな役割の人？,中心的な存在,照明担当,楽器保守,舞台監督,0,バンドを象徴する人,音楽
22,エンタメ,1,アニメで「アイキャッチ」と呼ばれるのはどの部分？,区切りの短い映像,ED曲の最後,キャラ紹介,スポンサー読み上げ,0,本編の途中に入る映像,アニメ
23,エンタメ,1,映画でよくある「NGシーン」は何の略？,No Good,Next Goal,New Gate,No Gallery,0,失敗シーンのこと,映画
24,エンタメ,1,テレビでよく使われる「ワイプ」は何を指す？,小さな顔の映像,小道具,効果音,撮影照明,0,リアクションが映る四角い枠,テレビ
25,エンタメ,2,ゲームプレイで「周回プレイ」とは？,同じステージを繰り返す,一定時間ごとに休む,敵が増えること,ストーリーが分岐する,0,アイテム集めでよく使う言葉,ゲーム
26,エンタメ,2,ドラマの台本で「ト書き」とは何のこと？,動作や状況の説明,台詞の強調,背景の種類,衣装の指定,0,俳優の動きが書かれている部分,ドラマ
27,エンタメ,2,音楽ライブで「物販コーナー」に並ぶものとして最も一般的なのは？,グッズ,CDプレーヤーの修理,楽屋見学券,舞台の設計図,0,会場限定アイテムも多い,音楽
28,エンタメ,2,アニメ制作で「作画崩壊」とはどんな現象？,絵の品質が低下する,音声が途切れる,背景が真っ黒になる,話数が飛ぶ,0,キャラの顔が変わることもある,アニメ
29,エンタメ,2,映画の公開初日に販売される「初日舞台挨拶」で行われる内容は？,出演者があいさつ,未公開映像の無料公開,館内の撮影許可,スタッフの給料発表,0,俳優が壇上に立つイベント,映画
30,エンタメ,3,ゲームの「サウンドトラック」とはどれを指す？,ゲーム内で使われた音楽集,効果音一覧,開発者インタビュー,ストーリー要約,0,略してサントラ,ゲーム
31,エンタメ,3,演劇で「千秋楽」と呼ばれるのは何？,最終公演,初日の前日,深夜だけの公演,休日限定の追加回,0,公演の締めくくりの日,舞台
32,エンタメ,3,テレビ番組で「総集編」はどのような回？,過去の内容のまとめ,本番前の打ち合わせ,出演者の休暇回,NG集だけの回,0,よく年末に放送される,テレビ
33,エンタメ,3,アニメ制作における「背景美術」の主な役割は？,背景を描く,声を録る,動きを決める,BGMを作る,0,建物や自然の景色を描く部署,アニメ
34,エンタメ,3,映画で「モーションキャプチャー」を使う理由は？,動きを正確に再現するため,出演者の人数を減らすため,照明を簡単にするため,字幕を不要にするため,0,特殊スーツで記録するやつ,映画
35,エンタメ,2,ゲームの「インディー作品」の特徴として最も一般的なのは？,小規模チーム制作,必ずオフライン専用,海外のみで発売,必ず3Dグラフィック,0,個性的な作品が多い,ゲーム
36,エンタメ,1,音楽用語「メロディ」とは何を指す？,主旋律,低音の響き,演奏者の配置,音量調整,0,人が口ずさみやすい部分,音楽
37,エンタメ,2,ドラマで「ロケ地」と呼ばれるのは？,撮影場所,台本の保管場所,編集室,衣装倉庫,0,実際の建物や街を使う,ドラマ
38,エンタメ,1,アニメの「キャラデザ」とは何の略？,キャラクターデザイン,キャラデータ再生,キャラデバイス,キャラディスプレイ,0,見た目を決める担当,アニメ
39,エンタメ,3,映画の「サウンドデザイン」の役割として最も適切なのは？,音の演出全体を作る,配役を決める,照明を配置する,舞台セットを作る,0,SEや環境音の調整も担当,映画
40,エンタメ,2,ゲームの「チュートリアル」が存在する主な理由は？,操作方法を説明するため,データを軽くするため,マップを隠すため,敵を強化するため,0,初心者に分かりやすくする,ゲーム
41,エンタメ,1,映画館の座席で「中央より少し後ろ」が好まれる理由は？,音と映像のバランスが良い,前より料金が安い,字幕が大きく見える,ポップコーンの匂いが弱い,0,最も自然に感じる位置,映画
42,エンタメ,1,アニメの「総作監」という役職の主な仕事は？,全体の作画チェック,声優の選出,台本を執筆,背景を描く,0,作画のクオリティ統一,アニメ
43,エンタメ,1,音楽ライブで「MC」と呼ばれる時間は何？,トーク時間,ミニコンサート,メインコーラス,マイクチェック,0,曲の合間のしゃべり,音楽
44,エンタメ,1,ゲームの「主人公」を英語で表す一般的な言葉は？,プロタゴニスト,アクター,ウィナー,ファイター,0,ストーリーの中心人物,ゲーム
45,エンタメ,2,映画の制作で「ロケハン」は何の略？,ロケーションハンティング,ローカルハンドリング,ロケートハンド,ロールハンドル,0,撮影場所の下見,映画
46,エンタメ,2,ドラマ撮影の「ワンシーン・ワンカット」とは？,1動作を切らずに撮る,1話分を連続撮影,音声なしで撮る,夜間のみ撮る,0,編集なしのチャレンジ撮影,ドラマ
47,エンタメ,2,アニメで「作監修正」と呼ばれる作業は？,崩れた絵を直す,音声を整える,背景色を統一,ストーリーを修正,0,作画の品質調整,アニメ
48,エンタメ,2,音楽で「ライブハウス」と呼ばれる場所の特徴は？,小規模で生演奏向き,必ず撮影禁止,飲食不可,クラシック専用,0,バンドの登竜門,音楽
49,エンタメ,2,ゲームの「バフ」とは何？,能力アップ効果,敵の増援,スコアの罰,アイテム倉庫,0,RPGや対戦ゲームでよく使う用語,ゲーム
50,エンタメ,2,テレビ番組の制作で「台本読み」を行う目的は？,段取りの確認,音声調整のみ,出演者の衣装合わせ,カメラの荷下ろし,0,撮影前の準備,テレビ
51,エンタメ,3,映画音響の「フォーリー」とは何？,後から足す効果音の収録,本番中のライブ演奏,撮影現場の雑音削除,音声の速度調整,0,人の動きを録音で再現,映画
52,エンタメ,3,アニメの「タイムシート」は何のための資料？,動きと時間の指示,声優リスト,撮影スケジュール,視聴率の予測,0,1カットの動きの設計図,アニメ
53,エンタメ,3,ゲームで「パーティ編成」が重要になるジャンルは？,RPG,レース,パズル,音ゲー,0,キャラごとの役割がある,ゲーム
54,エンタメ,3,ドラマ撮影で「アドリブ」が採用される理由は？,自然な表現が生まれるため,台本がないため,時間短縮になるため,照明が強いため,0,俳優の演技力が活きる,ドラマ
55,エンタメ,3,音楽制作で「ミックスダウン」の目的は？,音のバランスを整える,ボーカルを撮り直す,歌詞を書き換える,ライブ日程を決める,0,最終的な音の調整工程,音楽
56,エンタメ,2,映画の「公開初週」が重要視されるのはなぜ？,興行収入の指標になる,限定ポスターの配布が多い,字幕版しかないから,劇場数が減るから,0,成功を占うデータになる,映画
57,エンタメ,2,アニメの「PV」とは？,プロモーション映像,プレイバージョン,ポストビジョン,プレスビュー,0,宣伝用の短い動画,アニメ
58,エンタメ,1,ゲームでアイテムを集める行為を指す俗語は？,周回,反復,巡回,再訪,0,ドロップ狙いでよく行う,ゲーム
59,エンタメ,1,ドラマで「シーズン2」が制作される主な理由は？,人気が続いたため,ロケ地が余ったため,俳優の暇があったため,スポンサーが撤退したため,0,視聴者需要があると判断,ドラマ
60,エンタメ,3,テレビ制作で「マルチカム方式」とは？,複数のカメラで同時撮影,複数台のテレビ放送,複数言語で同時収録,複数の編集者が同時作業,0,スタジオ番組でよく使う方式,テレビ
61,エンタメ,1,映画の本編後に流れる「おまけシーン」を一般的に何と呼ぶ？,ポストクレジット,エンドトレーラー,バックカット,オーバーシーン,0,マーベル作品などで有名,映画
62,エンタメ,1,アニメでキャラの口の動きと音声を合わせる工程は？,リップシンク,ボイスリンク,マウスアライメント,サウンドマッチ,0,アニメ制作で重要な工程,アニメ
63,エンタメ,1,ゲームで「イベントシーン」とは何？,ストーリーが進む場面,敵が大量に出る場面,プレイヤーが操作不能になるバグ,隠しアイテムが必ず出る,0,ムービー演出とも言う,ゲーム
64,エンタメ,1,音楽ライブの「セトリ」とは何の略？,セットリスト,セッションリテイク,セカンドリズム,セントリロード,0,当日の曲順のこと,音楽
65,エンタメ,2,テレビ番組で「テロップ演出」が多いのはなぜ？,視覚的に情報を伝えやすい,音声が録れないため,字幕スタッフが余るため,決まりごとのため,0,バラエティ特有の演出,テレビ
66,エンタメ,2,映画の撮影で「グリーンバック」が使われる主な目的は？,背景を合成するため,照明を安定させるため,音声を消すため,衣装を目立たせるため,0,VFXに必須の素材,映画
67,エンタメ,2,ゲームの「トロフィー」や「実績」の役割は？,達成度を記録する,難易度を下げる,通信速度を上げる,敵を弱体化する,0,やり込み要素のひとつ,ゲーム
68,エンタメ,2,アニメで「キャラソン」とはどんな楽曲？,キャラが歌う歌,声優の挨拶用音声,主題歌の別バージョン,物語に出ない曲,0,作品の世界観を広げる楽曲,アニメ
69,エンタメ,2,ドラマで「ワンロケ」と呼ばれる撮影方法は？,1つの場所だけで撮る,1回で撮影終了,夜だけ撮影,撮影時間が短い,0,ロケ地を移動しない撮影,ドラマ
70,エンタメ,3,映画制作で「プリビズ」とは何？,事前イメージ動画,予告編の別名,試写会の招待券,俳優の顔合わせ,0,VFX映画でよく使われる,映画
71,エンタメ,3,ゲームの「パッチノート」とは？,更新内容の一覧,攻略本の別名,オートセーブの履歴,マルチプレイの説明書,0,アップデート時に公開される,ゲーム
72,エンタメ,3,音楽収録で「ダブルトラック」とは？,同じ歌を重ね録りする,2つのジャンルを混ぜる,録音を2回中断する,2会場同時ライブ,0,厚みのある声にする技法,音楽
73,エンタメ,3,アニメで「線撮」とは何のこと？,線画のみの仮映像,声優の線読み,背景線だけの設定,脚本の線引き,0,完成前に動きを確認する素材,アニメ
74,エンタメ,1,テレビの「生放送」が録画放送と違う最大の特徴は？,リアルタイム進行,字幕がつかない,CMが入らない,出演者が少ない,0,トラブルもそのまま放送される,テレビ
75,エンタメ,2,映画の「フィルムグレイン」とは何？,粒状の質感,音のノイズ,俳優の即興,古い脚本形式,0,昔の映画風の演出に使われる,映画
76,エンタメ,1,ゲームで「オートセーブ」が便利な理由は？,自動で記録される,敵が弱くなる,課金が増える,必ず勝てる,0,データ消失を防ぐ,ゲーム
77,エンタメ,2,音楽で「サビ」と呼ばれる部分は？,曲の最も盛り上がるパート,最初の静かな部分,伴奏だけの部分,曲間の無音部分,0,キャッチーな部分のこと,音楽
78,エンタメ,3,ドラマ制作で「卓録」とはどんな収録？,机を囲んで声を録る,机の上の小道具撮り,録音卓の修理,食卓シーンの録音,0,一斉に収録する手法,ドラマ
79,エンタメ,3,アニメで「多層撮影」が必要になる理由は？,背景とキャラを別々に動かすため,音声トラックを分けるため,字幕を自動生成するため,台本の誤字を修正するため,0,昔のアニメで多用された技法,アニメ
80,エンタメ,3,映画の「カラーグレーディング」の目的は？,映像の色を整える,音量を調整する,字幕の位置を直す,俳優の動きを編集する,0,VFXチームが担当することも多い,映画
81,エンタメ,1,映画の上映前に流れる「マナーCM」の主な目的は？,観客への注意喚起,本編の短縮,座席指定の案内,館内の換気,0,スマホ禁止などを伝える映像,映画
82,エンタメ,1,アニメ制作で「セル画」とは何？,昔の透明な描画素材,声優が使う台本,録音機材の一種,キャラの3Dモデル,0,デジタル前のアニメ素材,アニメ
83,エンタメ,1,ゲームで「ミニマップ」が便利な理由は？,位置関係が把握できる,グラフィックが改善される,敵が弱体化する,ストーリーが短縮される,0,迷わないための補助機能,ゲーム
84,エンタメ,1,テレビ番組で「ロケVTR」とは何？,外で撮影した映像,速報映像,スタジオの固定カメラ映像,声だけの収録素材,0,事前収録パートに多い,テレビ
85,エンタメ,2,音楽ライブで「アンプ」を使う目的は？,音を増幅する,テンポを記録する,照明を同期させる,客席を撮影する,0,楽器の音を大きくする装置,音楽
86,エンタメ,2,映画の「ロングショット」とはどんな映し方？,広い範囲を映す,顔を大きく映す,手だけを映す,暗い場所のみ映す,0,風景などを大きく捉える,映画
87,エンタメ,2,アニメの「設定資料集」に含まれるものは？,キャラや背景のデザイン,声優の個人日記,収録日の天気,スポンサーの一覧,0,作品世界の基本情報,アニメ
88,エンタメ,2,ゲームの「UI」とは何？,ユーザーインターフェース,ユニバーサルインパクト,ユニットインストール,アンダーアイテム,0,操作画面やボタンのこと,ゲーム
89,エンタメ,2,ドラマの撮影で「立ち位置」を確認する理由は？,カメラに映る位置を合わせるため,風の向きを知るため,俳優の背丈を測るため,マイクの色を選ぶため,0,俳優の配置は非常に大事,ドラマ
90,エンタメ,3,映画の「サウンドスケープ」とは何を意味する？,音で空間を表現する,字幕の長さ調整,照明による演出補助,カメラ角度の変更,0,環境音を重視した演出,映画
91,エンタメ,3,アニメの「作画枚数」が多いほどどうなる？,動きが滑らかになる,音が大きくなる,背景が自動生成される,声優が増える,0,アクションシーンで重要,アニメ
92,エンタメ,3,ゲームの「クールタイム」とは？,再使用までの待機時間,ゲームの休憩時間,夜の特殊モード,キャラの気分値,0,スキル発動に関わる要素,ゲーム
93,エンタメ,3,テレビで「NGワード」を設定する理由は？,放送上問題があるため,スポンサーが嫌うため,俳優の緊張を和らげるため,スタッフが面倒だから,0,不適切表現を避けるため,テレビ
94,エンタメ,2,音楽CDの「ジャケット」の主な役割は？,作品のイメージを伝える,録音データの保護,著作権を記録する,放送局へ送る台本,0,デザインの重要ポイント,音楽
95,エンタメ,2,映画の「スローモーション」が効果的なのはどんな場面？,動きを強調したい時,音を消したい時,背景を暗くしたい時,俳優数を減らしたい時,0,アクションや感動シーンで多用,映画
96,エンタメ,1,ゲームで「ボス戦」が盛り上がる理由は？,目標が分かりやすい,キャラが必ず強化される,装備が全て壊れる,ストーリーが自動終了,0,クライマックス演出の定番,ゲーム
97,エンタメ,2,アニメ制作で「アフレコ台本」が通常の台本と違う点は？,映像タイミングが細かい,紙の色が違う,必ず縦書き,音楽コードが書かれている,0,声を合わせやすくするため,アニメ
98,エンタメ,3,ドラマの「テイク数」が多い理由として最も一般的なのは？,演技や構図の調整,俳優の人数を減らすため,カメラを温めるため,照明を消すため,0,より良い演技にするため,ドラマ
99,エンタメ,3,映画の「被写界深度」が浅い時の特徴は？,背景がぼける,音がこもる,色が白くなる,字幕が消える,0,人物に視線を集中させる,映画
100,エンタメ,3,ゲームにおける「レベルデザイン」とは？,ステージの配置や難度設計,キャラの年齢設定,ゲームの主題歌制作,システムの暗号化,0,ゲームの遊びやすさを決める重要工程,ゲーム
101,漢字,1,「早急」の読みは？,さっきゅう,そうきゅう,さっきん,そうきん,0,ニュースでよく聞く読み方,読み
102,漢字,1,「凡人」の読みは？,ぼんじん,はんじん,ほんにん,ばんにん,0,特別ではない人のこと,読み
103,漢字,1,「玄人」の読みは？,くろうと,げんじん,げんろうと,くろじん,0,プロフェッショナルの意味,読み
104,漢字,1,「徒歩」の読みは？,とほ,とぼ,とうふ,とふ,0,歩いて移動すること,読み
105,漢字,2,「如実」の読みは？,にょじつ,じょじつ,じょみつ,にょみつ,0,ありのままという意味,読み
106,漢字,2,「形骸化」の読みは？,けいがいか,けいかいか,ぎょうがいか,けいがか,0,形式だけが残ること,読み
107,漢字,2,「机上の空論」の読みは？,きじょうのくうろん,きしょうのからろん,きじょうのそらろん,きしょうのくうろん,0,実行性がない議論,慣用句
108,漢字,2,「既視感」の読みは？,きしかん,きしかる,ぎしかん,さいしかん,0,デジャヴの日本語訳,読み
109,漢字,2,「風物詩」の読みは？,ふうぶつし,ふぶつし,ふうもつし,ふつぶし,0,季節を象徴するもの,読み
110,漢字,3,「独擅場」の読みは？,どくせんじょう,どくさんじょう,どくぜんじょう,どっせんじょう,0,実は誤読が広まっている熟語,難読
111,漢字,3,「汎用」の読みは？,はんよう,ばんよう,ふよう,ほうよう,0,いろいろ使えるという意味,読み
112,漢字,3,「喧伝」の読みは？,けんでん,げんでん,けんてん,げんてん,0,大げさに広めること,読み
113,漢字,3,「齟齬」の読みは？,そご,そぎょ,しょご,しょぎょ,0,食い違いという意味,難読
114,漢字,3,「縷々」の読みは？,るる,りょりょ,ろろ,るりょ,0,細かく述べる様子,難読
115,漢字,2,「泰然」の読みは？,たいぜん,たいれん,たいなん,たいせん,0,落ち着いて動じない様子,読み
116,漢字,2,「破綻」の読みは？,はたん,ばたん,はじん,はぜん,0,物事がうまくいかなくなること,読み
117,漢字,1,「至急」の読みは？,しきゅう,しきん,しっきゅう,しゅうきゅう,0,急いでという意味,読み
118,漢字,2,「徒労」の読みは？,とろう,どろう,とろ,どろ,0,無駄に終わること,読み
119,漢字,3,「彷徨う」の読みは？,さまよう,さまよる,さばよう,そまよう,0,あてもなく歩くこと,難読
120,漢字,3,「醍醐味」の読みは？,だいごみ,だいこみ,だいごあじ,だいごみそ,0,物事の本当の楽しさ,読み
121,漢字,1,「見栄」の読みは？,みえ,けんえい,げんば,みば,0,つい張りたくなるもの,読み
122,漢字,1,「曖昧」の読みは？,あいまい,あまい,おうまい,あいみ,0,はっきりしない様子,読み
123,漢字,1,「至極」の読みは？,しごく,しぎょく,しきょく,しろく,0,とてもという意味,読み
124,漢字,1,「余暇」の読みは？,よか,よかい,よは,よかん,0,自由に使える時間,読み
125,漢字,2,「顕著」の読みは？,けんちょ,げんちょ,けんちゃ,げんちゃ,0,目立つ様子,読み
126,漢字,2,「訃報」の読みは？,ふほう,ほうふ,ふひょう,ふぼう,0,悲しい知らせのこと,読み
127,漢字,2,「遵守」の読みは？,じゅんしゅ,じんしゅ,じゅんそ,じゅんじょ,0,ルールを守ること,読み
128,漢字,2,「破損」の読みは？,はそん,はざん,はぞん,はさん,0,こわれてしまうこと,読み
129,漢字,2,「越権」の読みは？,えっけん,えつけん,おっけん,えんけん,0,権限を超えること,読み
130,漢字,3,「夥しい」の読みは？,おびただしい,はなはだしい,いちじるしい,めざましい,0,数量が非常に多いこと,難読
131,漢字,3,「艱難」の読みは？,かんなん,きなん,けんなん,かいなん,0,多くの苦難のこと,難読
132,漢字,3,「忖度」の読みは？,そんたく,しんたく,せんたく,そたく,0,相手の気持ちを推しはかる,読み
133,漢字,3,「懊悩」の読みは？,おうのう,おんのう,おんどう,のうおう,0,悩み苦しむこと,難読
134,漢字,3,「脆弱」の読みは？,ぜいじゃく,せいじゃく,ぜいにゃく,ぜじゃく,0,弱くこわれやすい様子,読み
135,漢字,2,「渾身」の読みは？,こんしん,こんみ,ぐんしん,ぐんみ,0,力を込めて行うこと,読み
136,漢字,2,「辛辣」の読みは？,しんらつ,しんれつ,しんりつ,しんかつ,0,手厳しい様子,読み
137,漢字,1,「迅速」の読みは？,じんそく,しんそく,じんそくう,じんそ,0,素早いこと,読み
138,漢字,3,「蹉跌」の読みは？,さてつ,さてき,しちょう,しつてつ,0,思いがけない失敗のこと,難読
139,漢字,3,「諧謔」の読みは？,かいぎゃく,かいぎょく,かいにゃく,かいがく,0,こっけいでおどけること,難読
140,漢字,2,「矛盾」の読みは？,むじゅん,むしゅん,ぶじゅん,みじゅん,0,話が食い違うこと,読み
141,漢字,1,「要点」の読みは？,ようてん,ようでん,ようたん,ようてい,0,大事な部分のこと,読み
142,漢字,1,「概算」の読みは？,がいさん,かいさん,がいざん,かいざん,0,おおよその計算,読み
143,漢字,1,「至福」の読みは？,しふく,しほく,しぼく,しふこう,0,とても幸せなこと,読み
144,漢字,1,「負荷」の読みは？,ふか,ぶか,ふかん,ふうか,0,重さや仕事のこと,読み
145,漢字,2,「凶作」の読みは？,きょうさく,きょさく,ぎょうさく,こうさく,0,不作の反対,読み
146,漢字,2,「円滑」の読みは？,えんかつ,えんかち,えんがつ,えんこう,0,順調に進むこと,読み
147,漢字,2,「兼用」の読みは？,けんよう,けんゆう,こんよう,けんよ,0,ひとつで何役もこなす,読み
148,漢字,2,「堅実」の読みは？,けんじつ,けんじゅつ,こんじつ,けんしつ,0,手堅い様子,読み
149,漢字,2,「壮観」の読みは？,そうかん,そうがん,そうけん,そうこん,0,見事な景色のこと,読み
150,漢字,3,「幽玄」の読みは？,ゆうげん,ゆうげい,ゆうげんう,ゆうげ,0,奥深い味わいのこと,難読
151,漢字,3,「膾炙」の読みは？,かいしゃ,かいざ,かいじ,かいしゃく,0,広く知られ親しまれること,難読
152,漢字,3,「憂慮」の読みは？,ゆうりょ,ゆうろ,ゆうりょう,ゆうぎょ,0,心配すること,読み
153,漢字,3,「昵懇」の読みは？,じっこん,じつこん,しっこん,にっこん,0,親しい間柄のこと,難読
154,漢字,3,「傲慢」の読みは？,ごうまん,ごうばん,ごうみん,こうまん,0,態度が大きいこと,読み
155,漢字,2,「廉価」の読みは？,れんか,れいか,れんが,れいが,0,安いという意味,読み
156,漢字,2,「補填」の読みは？,ほてん,ほてい,ほつう,ほでん,0,不足分を埋める,読み
157,漢字,2,「旋律」の読みは？,せんりつ,せんりゅう,せんつり,せんりち,0,メロディのこと,読み
158,漢字,1,「精進」の読みは？,しょうじん,せいじん,しょうしん,せいしん,0,努力すること,読み
159,漢字,3,「悄然」の読みは？,しょうぜん,しょうれん,しゅうぜん,しゅうれん,0,しょんぼりした様子,難読
160,漢字,3,「頌徳」の読みは？,しょうとく,じょうとく,しょうとき,しょうどく,0,徳をたたえること,難読
161,漢字,1,「保守」の読みは？,ほしゅ,ほす,ほじゅ,ほしゃ,0,守りを固めるイメージ,読み
162,漢字,1,「既成」の読みは？,きせい,ぎせい,きしょう,きせ,0,すでにできあがったもの,読み
163,漢字,1,「柔軟」の読みは？,じゅうなん,じゅうねん,じゅなん,じゅんなん,0,しなやかなこと,読み
164,漢字,1,「増減」の読みは？,ぞうげん,ぞうこう,ぞうへん,ぞうごん,0,ふえたりへったり,読み
165,漢字,2,「譲歩」の読みは？,じょうほ,じょうふ,じゅうほ,じょうぼ,0,一部ゆずること,読み
166,漢字,2,「弊害」の読みは？,へいがい,へいかい,へいがん,へいが,0,悪い影響のこと,読み
167,漢字,2,「堕落」の読みは？,だらく,だらん,だらくう,たらく,0,生活態度が崩れること,読み
168,漢字,2,「享受」の読みは？,きょうじゅ,きょうじょ,こうじゅ,しょんじゅ,0,受け取って味わうこと,読み
169,漢字,2,「錯覚」の読みは？,さっかく,さかく,さっこう,さくかく,0,思い違いのこと,読み
170,漢字,3,「頒布」の読みは？,はんぷ,ばんぷ,はんぶ,ばんふ,0,配り広めること,難読
171,漢字,3,「瑕疵」の読みは？,かし,きず,かじ,かみ,0,欠点や不備のこと,難読
172,漢字,3,「煩瑣」の読みは？,はんさ,はんしゃ,ばんさ,ほうさ,0,こまごまして面倒なこと,難読
173,漢字,3,「遜色」の読みは？,そんしょく,そんそく,そんしき,そくしょく,0,劣っていること,読み
174,漢字,3,「醜聞」の読みは？,しゅうぶん,しゅうもん,しゅんぶん,しょくぶん,0,スキャンダルの意味,読み
175,漢字,2,「希薄」の読みは？,きはく,きばく,けいはく,けいはつ,0,うすいこと,読み
176,漢字,2,「陳述」の読みは？,ちんじゅつ,ちんしゅつ,ちじゅつ,ちんじつ,0,述べること,読み
177,漢字,2,「抑止」の読みは？,よくし,よくじ,よしき,よくじょ,0,止めること,読み
178,漢字,1,「順応」の読みは？,じゅんのう,じんのう,じゅんどう,じゅのう,0,環境に慣れること,読み
179,漢字,3,「跋扈」の読みは？,ばっこ,ばつこ,ばつこつ,ばこ,0,好き勝手にふるまうこと,難読
180,漢字,3,「飽和」の読みは？,ほうわ,ほうか,ほうあ,ほか,0,限界まで満ちること,読み
181,漢字,1,「湿度」の読みは？,しつど,しつと,しっと,しつう,0,天気予報で使う言葉,読み
182,漢字,1,「低迷」の読みは？,ていめい,ていまい,ていみ,ていま,0,なかなか上向かない様子,読み
183,漢字,1,「均等」の読みは？,きんとう,きんと,ぎんとう,きんとうう,0,同じ割合のこと,読み
184,漢字,1,「有益」の読みは？,ゆうえき,ゆういき,ゆうやく,ゆうがく,0,役に立つこと,読み
185,漢字,2,「無難」の読みは？,ぶなん,むなん,むなんう,ぶなんう,0,特に問題がない,読み
186,漢字,2,「奇抜」の読みは？,きばつ,きぬつ,きばち,きぶつ,0,とても変わっていること,読み
187,漢字,2,「補佐」の読みは？,ほさ,ほざ,ほしゃ,ほさつ,0,サポートする役割,読み
188,漢字,2,「安泰」の読みは？,あんたい,あんてい,あんだい,あんて,0,安心して穏やかな様子,読み
189,漢字,2,「腐敗」の読みは？,ふはい,ふばい,ふはいん,ふはく,0,くさること,読み
190,漢字,3,「懇意」の読みは？,こんい,こんぎ,こんじ,こんえき,0,親しく付き合うこと,難読
191,漢字,3,「誤謬」の読みは？,ごびゅう,ごりゅう,ごびょう,ごみゅう,0,間違いや誤りのこと,難読
192,漢字,3,「刹那」の読みは？,せつな,さつな,せちな,せつの,0,一瞬という意味,読み
193,漢字,3,「謄本」の読みは？,とうほん,どうほん,とうもん,とうほんう,0,写しの文書のこと,読み
194,漢字,3,「端緒」の読みは？,たんしょ,たんちょ,たんそ,たんひょ,0,物事の始まり,難読
195,漢字,2,「緩急」の読みは？,かんきゅう,かんきゅ,かんきん,かんきょ,0,遅い速いのこと,読み
196,漢字,2,「返還」の読みは？,へんかん,へんがん,へんこう,へんけん,0,元に戻すこと,読み
197,漢字,1,「往復」の読みは？,おうふく,おうふう,おんぷく,おうふくう,0,行って帰ること,読み
198,漢字,1,「迅速」の読みは？,じんそく,しんそく,じんそ,じんそくう,0,とても早いこと,読み
199,漢字,3,「謬見」の読みは？,びゅうけん,みゅうけん,びょうけん,みゅうみん,0,誤った考えのこと,難読
200,漢字,3,「綺麗」の読みは？,きれい,きりょう,きりい,きえい,0,美しいという意味,読み
201,生活,1,電子レンジで温めた後に出る湯気は何？,水蒸気,油,砂糖,空気,0,温められた水分,基本
202,生活,1,炊飯器でご飯が固くなる主な原因は？,水不足,炊きすぎ,米の種類,塩分,0,水加減がポイント,料理
203,生活,1,スマホを長時間使うと疲れやすい理由は？,目の負担,音が大きい,電波の影響,重さ,0,画面の光が強い,健康
204,生活,1,洗濯物が生乾き臭になる原因は？,菌の繁殖,水道水,柔軟剤,乾燥剤,0,湿った時間が長いと発生,生活
205,生活,2,エアコンの「除湿」とは何をする？,空気の水分を減らす,冷気を強くする,風量を増やす,空気を入れ替える,0,梅雨時に便利,家電
206,生活,2,財布の中のポイントカードが多いと起きやすいことは？,探しにくい,軽くなる,磁気が飛ぶ,小銭が増える,0,レジで時間がかかる,生活
207,生活,2,料理で「火加減を弱める」目的は？,焦げ防止,味付け,見た目調整,湯気を増やす,0,じっくり加熱したいとき,料理
208,生活,2,朝の眠気覚ましに効果があるのは？,日光を浴びる,砂糖を食べる,運動しない,冷房を消す,0,体内時計が動く,健康
209,生活,2,お風呂の浴槽に「追い焚き」がある理由は？,温度維持,泡を増やす,音を消す,水量調整,0,冬場に重宝する機能,家電
210,生活,2,マスク着用時のメガネ曇り対策として有効なのは？,隙間を減らす,温度を上げる,レンズを濡らす,鼻呼吸を止める,0,フィット感が大事,生活
211,生活,3,クレジットカードの「締め日」とは？,利用の区切り日,支払い日,更新日,発行日,0,毎月1回設定されている,金融
212,生活,3,冷蔵庫に入れてはいけない野菜の代表は？,じゃがいも,キャベツ,きゅうり,にんじん,0,低温で傷みやすい,食品
213,生活,3,電子レンジの「ラップを少し開ける」理由は？,蒸気逃がし,油抜き,味付け,香り付け,0,爆発を防ぐため,料理
214,生活,3,スマホのバッテリーを長持ちさせる習慣は？,高温を避ける,常に満充電,常に充電器,アプリ全部起動,0,熱は大敵,家電
215,生活,3,布団を干す目的として最も重要なのは？,湿気を飛ばす,重さを取る,布団を柔らかくする,色を変える,0,カビ防止にも重要,生活
216,生活,1,「節約」に直結しやすい行動は？,自炊,外食,買い置き,夜更かし,0,家庭で作るのが一番,生活
217,生活,1,スーパーで「見切り品」とは？,割引の商品,新商品,高級品,予約品,0,鮮度が落ちる前に安くなる,買い物
218,生活,1,靴下に穴があく原因の代表は？,摩擦,水分,太陽光,湿気,0,歩くことで起きる,生活
219,生活,2,炊飯前に「米を研ぐ」目的は？,汚れを落とす,味を付ける,水を減らす,粒を大きくする,0,ぬかを落とす作業,料理
220,生活,2,スマホの通知が多すぎる時の有効な対策は？,通知OFF,音量MAX,充電減らす,端末を振る,0,設定で簡単に調整できる,生活
221,生活,1,朝に水を飲むと良い理由は？,体を起こす,甘みが増える,筋肉が育つ,眠気が増す,0,目覚めのスイッチになる,健康
222,生活,1,掃除機をかける時の基本は？,奥から手前,手前から奥,左から右,下から上,0,戻りながら掃除する,生活
223,生活,1,洗濯ネットを使う理由は？,衣類保護,水量確保,音を抑える,色を変える,0,服を傷めにくい,家事
224,生活,1,料理の「下味」をつける目的は？,味をなじませる,温度を上げる,水分を飛ばす,色を良くする,0,味しみを良くする工程,料理
225,生活,2,エアコンのフィルター掃除を怠ると？,効きが悪くなる,光が強まる,風量が増える,色が白くなる,0,電気代にも影響,家電
226,生活,2,スーパーで「特売日」に多い特徴は？,数量限定,深夜営業,全部半額,店休日,0,早く売り切れることも,買い物
227,生活,2,急にくしゃみが増える原因として多いのは？,乾燥,満腹,冷えすぎ,寝不足,0,冬に特に起こりやすい,健康
228,生活,2,インスタント麺をより美味しくする定番方法は？,お湯をしっかり沸かす,具を全部捨てる,麺を洗う,火を止めない,0,基本が大切,料理
229,生活,2,水筒の匂いが取れにくい原因は？,パッキン汚れ,水道水,金属音,温度差,0,細かい部分が要注意,生活
230,生活,2,冷凍ご飯を美味しく戻すコツは？,ラップを少し開ける,完全密封,氷を入れる,砂糖を入れる,0,蒸気を逃がすと良い,料理
231,生活,3,睡眠の質を上げるために避けたい行動は？,寝る直前のスマホ,深呼吸,軽い運動,暗くする,0,光が脳を刺激する,健康
232,生活,3,電子マネー残高不足を防ぐ方法は？,オートチャージ設定,毎回カード交換,音量MAX,レシート破棄,0,自動で補充できる,金融
233,生活,3,レンジで「爆発しやすい食材」は？,ゆで卵,レタス,パン粉,水,0,密閉状態に注意,料理
234,生活,3,時間を節約できる洗濯方法は？,まとめ洗い,少量ずつ,脱水しない,すすぎ5回,0,電気代も節約,家事
235,生活,3,部屋が散らかる原因として多いのは？,戻す場所がない,家具が高い,窓が広い,机が白い,0,片付けの基本ルール,生活
236,生活,1,夏に水分補給で避けたい飲み物は？,カフェイン多め,常温水,麦茶,スポドリ,0,利尿作用が強い,健康
237,生活,1,野菜を長持ちさせる保存法は？,湿気を避ける,日光を当てる,香りをつける,重石を乗せる,0,鮮度が落ちにくい,食品
238,生活,2,タスク管理で役立つ方法は？,優先度分け,全部同時,順番を無視,前日の記録破棄,0,やるべき順が大事,生活
239,生活,2,電子レンジのターンテーブルが回る理由は？,均一に温めるため,音を可愛くするため,速く冷ますため,光を増やすため,0,温めムラ防止,家電
240,生活,3,料理で「アク取り」をする主目的は？,雑味を減らす,湯気を増やす,油を混ぜる,色を白くする,0,綺麗に仕上げる工程,料理
241,生活,1,冷蔵庫で食材を早く冷やすコツは？,広げる,重ねる,袋のまま,密封だけ,0,表面積がポイント,生活
242,生活,1,寝起きに喉が乾きやすい理由は？,口呼吸,体力低下,血圧上昇,睡眠短縮,0,寝ている間の癖が原因,健康
243,生活,1,食器洗いで汚れが落ちやすくなる基本は？,お湯を使う,冷水だけ,泡を減らす,急いで洗う,0,油汚れにも強い,家事
244,生活,1,ごみ袋が破れにくくなる入れ方は？,角を下に,縦長に圧縮,重い物を上,回し入れる,0,角が突き破らないように,生活
245,生活,2,靴の中が蒸れにくくなる対策は？,乾燥させる,水で濡らす,新聞を敷く,重石を乗せる,0,菌の繁殖を抑える,衛生
246,生活,2,熱中症予防で最も大事な行動は？,こまめな水分補給,走り続ける,冷房を切る,辛い物を食べる,0,夏場は特に注意,健康
247,生活,2,早起きを習慣化するコツは？,起床時間固定,水分を抜く,深夜に運動,照明を暗くする,0,体内時計が整う,生活
248,生活,2,電子レンジで肉を解凍するときの注意点は？,加熱しすぎない,塩をまぶす,氷を乗せる,袋を閉じる,0,火が通りすぎることも,料理
249,生活,2,料理で味が薄いと感じたら最初に試すことは？,少量ずつ足す,全部入れる,火を止める,混ぜない,0,急に濃くしないのが基本,料理
250,生活,2,部屋の匂い対策で最も効果的なのは？,換気する,香水を撒く,水をまく,照明を落とす,0,空気の入れ替えが大事,生活
251,生活,3,スケジュール管理で避けるべき行動は？,詰め込みすぎ,早めに準備,優先度分け,休憩を入れる,0,余白が必要,生活
252,生活,3,家計簿で最も大事なポイントは？,支出の見える化,毎日買う,現金だけ使う,レシート破棄,0,意外と漏れが多い,お金
253,生活,3,冷凍食品を美味しく保つ方法は？,空気を抜く,常温に置く,光に当てる,濡らす,0,霜対策にも有効,食品
254,生活,3,早食いが体に良くない主な理由は？,満腹感が遅れる,味が薄くなる,筋肉が落ちる,体温が下がる,0,食べすぎの原因に,健康
255,生活,3,PC作業で肩こりが起きやすい姿勢は？,前のめり,後ろ寄り,横向き,正座,0,猫背はNG,健康
256,生活,1,天気予報で「湿度が高い」と起こりやすい現象は？,洗濯物が乾かない,風が強い,雨が止む,空気が軽い,0,梅雨時期に多い,生活
257,生活,1,料理で砂糖を先に入れるとどうなる？,味がしみやすい,煮えにくい,冷たくなる,固まる,0,砂糖は浸透しやすい,料理
258,生活,2,布製ソファの汚れ対策で大事なのは？,定期的に掃除機,水をかける,叩いて落とす,光を当てる,0,ホコリが溜まりやすい,家事
259,生活,2,観葉植物が枯れやすい理由で多いのは？,水のやりすぎ,声をかけない,鉢が白い,根が短い,0,過剰な水分はNG,生活
260,生活,2,コンロで吹きこぼれを減らす方法は？,弱火にする,蓋を強く押す,鍋を振る,氷を入れる,0,特に麺類で有効,料理
261,生活,1,水筒の中がヌメりやすい原因は？,残り飲料,金属磨き,温度差,空気圧,0,甘い飲み物は要注意,衛生
262,生活,1,歯磨き粉の量はどれくらいが適量？,少量でOK,多め,チューブ半分,毎回違う,0,意外とほんの少しで良い,健康
263,生活,1,服のしわを減らすコツは？,すぐ干す,絞りすぎる,重ねる,丸める,0,洗濯後の行動が大事,家事
264,生活,1,レジ袋が開きにくい時の対策は？,指を湿らせる,袋を振る,強く引く,温める,0,静電気で開きにくくなる,生活
265,生活,2,IHコンロとガスコンロの違いは？,炎が出るか,音量,水圧,におい,0,熱の出し方の違い,家電
266,生活,2,スニーカーが臭くなりやすい原因は？,湿気と菌,靴底の色,歩幅,気温,0,夏場は特に注意,衛生
267,生活,2,冬に手が荒れやすい理由は？,乾燥,血圧,睡眠,気圧,0,保湿が必須,健康
268,生活,2,お茶を冷蔵庫に入れる前に必要なことは？,粗熱を取る,水を足す,振る,砂糖を入れる,0,温かいままはNG,食品
269,生活,2,使い切れない野菜はどう保存すると良い？,切って冷凍,日光に当てる,常に水に浸す,布団に入れる,0,傷む前に処理,食品
270,生活,2,食器用スポンジの交換目安は？,約1ヶ月,半年,3日,1年,0,菌が増えやすい,家事
271,生活,3,疲れ目対策で効果的なのは？,遠くを見る,画面を近づける,瞬きを減らす,暗くする,0,ピントをリセット,健康
272,生活,3,鍋の吹きこぼれを止めるアイテムは？,落し蓋,タオル,氷袋,木べら,0,麺類の調理に便利,料理
273,生活,3,すき間風を防ぐ効果的な方法は？,すき間テープ,照明変更,床を磨く,水をまく,0,冬の定番対策,生活
274,生活,3,ストレッチをする最適なタイミングは？,入浴後,食事前,寝起きすぐ,寒い場所,0,筋肉が温まっている時,健康
275,生活,1,油がはねやすい原因は？,水分,温度計,鍋の色,火力の名前,0,食材の水が飛ぶ,料理
276,生活,1,玄関の匂い対策で大事なのは？,靴を乾かす,水をまく,照明を強くする,床を冷やす,0,湿気は大敵,生活
277,生活,2,寝つきを良くするコツは？,部屋を暗く,音を大きく,運動禁止,冷房停止,0,メラトニンが働く,健康
278,生活,2,お弁当で傷みにくくする工夫は？,よく冷ます,多く詰める,甘味を増やす,油多め,0,夏場は特に必須,食品
279,生活,2,掃除の順番の基本は？,上から下,下から上,中央から周囲,外から中,0,ホコリは落ちるもの,家事
280,生活,3,家の電気代を下げるコツは？,待機電力を減らす,部屋を暑くする,全部LED除外,冷蔵庫を開け放つ,0,意外と大きい消費,生活
281,生活,1,冷たい水が歯にしみる原因は？,知覚過敏,血圧低下,虫歯ゼロ,食事量,0,エナメル質が弱っている可能性,健康
282,生活,1,料理で塩を入れすぎた時の対処は？,具材を増やす,火力を上げる,鍋を振る,水を減らす,0,味を薄めるのが基本,料理
283,生活,1,服が色あせる主な原因は？,日光,洗剤,湿度,風量,0,紫外線に注意,生活
284,生活,1,くつひもがほどけやすい理由は？,歩行の振動,靴の重さ,気温差,色による,0,足運びの衝撃で解ける,生活
285,生活,2,お米の研ぎすぎが良くない理由は？,うま味が抜ける,水が濁る,炊飯器が重くなる,米が増える,0,軽く研ぐだけでOK,料理
286,生活,2,電子レンジの加熱ムラを減らす方法は？,容器を回す,蓋を閉じる,氷を入れる,重石をのせる,0,位置を変えると均一に,家電
287,生活,2,冬の加湿のしすぎで起こりやすいことは？,結露,乾燥,色落ち,静電気増加,0,窓に水滴がつく原因に,生活
288,生活,2,野菜を洗う時に冷水が良い理由は？,シャキッとする,味が濃くなる,色が変わる,重くなる,0,鮮度を保ちやすい,食品
289,生活,2,鍋の焦げつきを防ぐ基本は？,弱火で加熱,常にかき混ぜない,油を入れない,蓋を固く閉める,0,とろ火が大事,料理
290,生活,2,使い捨て手袋が破れやすい原因は？,爪の長さ,気温,色,匂い,0,爪で引っかかる,衛生
291,生活,3,水道代を節約する方法として代表的なのは？,こまめに止める,熱湯を使う,蛇口を叩く,洗剤を増やす,0,小さな積み重ねが大事,生活
292,生活,3,朝に体が重く感じる原因は？,寝不足,塩分不足,食事量不足,光不足,0,生活リズムの乱れ,健康
293,生活,3,冷蔵庫に詰め込みすぎると？,冷えが悪くなる,音が小さくなる,寿命が倍になる,電気代が0になる,0,風の流れが弱まる,家電
294,生活,3,スマホ画面が汚れやすい理由は？,指の皮脂,湿度,光量,電波,0,毎日触る場所だから,生活
295,生活,3,雨の日に洗濯物が乾きにくい最大の理由は？,湿度の高さ,洗剤の種類,部屋の色,風向き,0,空気中の水分が多い,生活
296,生活,1,台所のスポンジが黒ずむ原因は？,菌と汚れ,油不足,光不足,風邪,0,こまめに交換を,家事
297,生活,1,暑い日に氷の飲み物が飲みすぎ注意な理由は？,内臓が冷える,味が薄い,軽くなる,音がする,0,体の働きが鈍る,健康
298,生活,2,シーツの洗濯頻度の目安は？,週1,月1,年1,毎日,0,寝汗が多いから,衛生
299,生活,2,食器を早く乾かすコツは？,立てて置く,重ねる,布で覆う,温める,0,空気に触れさせる,家事
300,生活,2,財布がパンパンになる原因で多いのは？,レシート放置,お金が多すぎる,気温,柄,0,意外と溜まりやすい,生活
301,理科,1,水を加熱すると最初に起こる変化は？,温度上昇,固まる,色が付く,軽くなる,0,お湯になる前段階,状態変化
302,理科,1,太陽の光を反射して見える天体は？,月,火星,木星,北極星,0,夜空で一番大きく見える,天体
303,理科,1,磁石のN極とS極を近づけるとどうなる？,引き合う,離れる,回る,消える,0,異なる極は作用する,磁石
304,理科,1,雲ができる原因は？,水蒸気の冷却,太陽の爆発,音の振動,空気の色,0,気温と水分の関係,天気
305,理科,2,光が水に入ると曲がる現象は？,屈折,反射,散乱,増幅,0,ストローが曲がって見える理由,光
306,理科,2,呼吸で体内に取り込む気体は？,酸素,窒素,二酸化炭素,ヘリウム,0,体のエネルギーに必要,生物
307,理科,2,地震の揺れの大きさを示す指標は？,震度,天度,温度,風度,0,日本でよく使う尺度,地学
308,理科,2,金属が熱で膨らむことを何という？,熱膨張,熱縮小,冷収縮,温変化,0,気温変化で橋にも影響,物質
309,理科,2,実験で液体の量を正確に測る道具は？,メスシリンダー,双眼鏡,ハンドル,ろ紙,0,透明で目盛りがある,実験
310,理科,2,動物の体温がほぼ一定なのは？,恒温動物,積極動物,均一動物,安定動物,0,人間もこの仲間,生物
311,理科,3,空気中で最も多い気体は？,窒素,酸素,水蒸気,二酸化炭素,0,約78%を占める,大気
312,理科,3,水が固体になる温度を何という？,氷点,冷点,白点,凍度,0,0℃付近で起こる,状態変化
313,理科,3,太陽エネルギーが地球に伝わる方法は？,放射,伝導,対流,衝撃,0,宇宙空間でも届く,エネルギー
314,理科,3,血液の中で酸素を運ぶ成分は？,赤血球,白血球,血小板,リンパ液,0,色の元にもなる成分,生物
315,理科,3,地球の自転により1日ができる理由は？,回転している,傾いている,縮んでいる,太陽を吸収,0,昼と夜ができる原因,地学
316,理科,1,食塩水を加熱すると残るのは？,塩,水,砂,鉄,0,溶けていた物質だけが残る,溶解
317,理科,1,植物が光を使って行う働きは？,光合成,反射,結露,蒸発,0,酸素を作る仕組み,植物
318,理科,2,振り子の周期を変える主な要因は？,紐の長さ,重さ,色,材質,0,長いほどゆっくり揺れる,物理
319,理科,2,気圧が低いと起こりやすい天気は？,雨,晴れ,雪,乾燥,0,低気圧は湿りがち,天気
320,理科,3,生物の分類で昆虫の特徴は？,脚6本,脚4本,脚2本,脚8本,0,アリやチョウもこの仲間,生物
321,理科,1,冷たい空気はどう動きやすい？,下に行く,上に行く,止まる,広がる,0,密度が高いから,気象
322,理科,1,乾電池の＋と−を逆につなぐと？,動かない,光る,音が出る,熱くなる,0,向きを正しく,電気
323,理科,1,水をこぼすと広がる理由は？,表面張力,音の反射,摩擦増加,光の屈折,0,液体の性質,物質
324,理科,1,氷は水よりどうなる？,軽い,重い,硬さ同じ,温度高い,0,浮く理由にも関係,状態変化
325,理科,2,鉄がさびる条件として必要なのは？,酸素と水,高温,音,磁力,0,湿気で進む,化学
326,理科,2,太陽の位置が一番高くなるのは何時ごろ？,正午,9時,15時,夕方,0,影が一番短い時間,天体
327,理科,2,電球が光る理由は？,電流が流れる,風が当たる,音が通る,水が入る,0,発熱も起きる,電気
328,理科,2,植物の根が伸びる理由は？,水を求める,光を求める,音を求める,熱を求める,0,成長のため,植物
329,理科,2,地層が横に重なって見える理由は？,堆積,爆発,摩擦,反射,0,砂や泥が積もる,地学
330,理科,2,音の大きさは何で決まる？,振幅,色,電圧,磁力,0,波の高さが関係,音
331,理科,3,温室効果ガスとして代表的なのは？,二酸化炭素,酸素,ヘリウム,アルゴン,0,地球温暖化の原因,化学
332,理科,3,金属の熱伝導が良い理由は？,電子が動く,空気が多い,水分が多い,光る性質,0,熱が伝わりやすい性質,物理
333,理科,3,地震のP波の特徴は？,最初に届く,一番遅い,角度が変わる,特定地域だけ,0,縦揺れとも呼ばれる,地学
334,理科,3,遺伝の情報を持つ物質は？,DNA,水,酸素,脂肪,0,細胞の核にある,生物
335,理科,3,反射鏡で光が集まる場所を何という？,焦点,極点,中心点,開点,0,望遠鏡にも使われる,光
336,理科,1,水が蒸発しやすい条件は？,気温が高い,気温が低い,暗い場所,静かな場所,0,夏の洗濯物が早い理由,気象
337,理科,1,昆虫の体は何つに分かれる？,3つ,2つ,4つ,1つ,0,頭・胸・腹,生物
338,理科,1,太陽はどの方向から昇る？,東,西,南,北,0,毎日同じ,天体
339,理科,2,植物が水を吸い上げる仕組みは？,蒸散,反射,酸化,発光,0,葉から水が逃げる作用,植物
340,理科,3,地球の年齢は約どれくらい？,46億年,5万年,1000億年,15億年,0,地質学の定説,地学
341,理科,1,水の沸点は標準気圧で何度？,100℃,90℃,80℃,120℃,0,一番よく知られている温度,状態変化
342,理科,1,月が光って見える理由は？,太陽光の反射,自分で光る,火山の光,電気,0,光源は太陽,天体
343,理科,1,てこの原理で力が小さくて済むのは？,支点が近い,支点が遠い,棒が短い,重さ一定,0,ハサミもこのしくみ,物理
344,理科,1,葉が緑色に見えるのは何があるから？,葉緑体,油分,鉄分,水分,0,植物特有の器官,植物
345,理科,2,磁石が鉄を引きつける力を何という？,磁力,重力,風力,張力,0,地球にも関係,磁石
346,理科,2,石灰石の主成分は？,炭酸カルシウム,酸化鉄,塩化ナトリウム,シリコン,0,白い岩石に多い,化学
347,理科,2,深海に行くほど水圧はどうなる？,強くなる,弱くなる,変わらない,壊れる,0,深さと比例する,物理
348,理科,2,雨が降るのは雲の中で何が起きた時？,水滴が大きくなる,温度が上がる,色が変わる,音が出る,0,重くなると落ちる,気象
349,理科,2,ろ過で使う道具は？,ろ紙,電池,試験管,磁石,0,紙でこす作業,実験
350,理科,2,生物の分類でクモは何類？,節足動物,昆虫,両生類,哺乳類,0,脚が8本ある仲間,生物
351,理科,3,音が速く伝わるのはどれ？,固体,液体,気体,真空,0,粒子が密なほど伝わる,音
352,理科,3,星が瞬いて見える理由は？,大気の揺らぎ,星の震え,太陽の反射,温度変化,0,地球側の現象,天体
353,理科,3,地球の公転により生じるのは？,四季,雨,地震,火山,0,1年の変化につながる,地学
354,理科,3,化学反応で物質が熱を出す反応は？,発熱反応,吸熱反応,中立反応,拡散反応,0,燃焼もその一つ,化学
355,理科,3,植物が根から吸収する主な栄養素は？,窒素・リン・カリ,酸素・炭素・鉄,水素・炭素・金,油・塩・糖,0,三大要素と呼ばれる,植物
356,理科,1,気温が低いと物はどうなりやすい？,縮む,伸びる,発光する,軽くなる,0,金属も同じ性質,物理
357,理科,1,水は固体・液体・気体すべてに変わる物質を何という？,三態変化,三体変化,三方向変化,三重変化,0,理科で必ず出る用語,状態変化
358,理科,2,地球の中心部分の名称は？,核,殻,皮,心,0,温度は非常に高い,地学
359,理科,2,空気中の水蒸気が冷えて水滴になる現象は？,凝結,沸騰,昇華,融解,0,窓ガラスでも起きる,気象
360,理科,3,光の速さに最も近いのは？,約30万km/s,約3万km/s,約1千km/s,約100km/s,0,宇宙最大レベルの速さ,光
361,理科,1,水が氷になると体積はどう変化する？,増える,減る,同じ,消える,0,珍しい性質をもつ物質,状態変化
362,理科,1,星が昼に見えない理由は？,太陽の光が強い,星が隠れる,音が吸収される,風が吹く,0,空の明るさが圧倒的,天体
363,理科,1,空気を温めるとどうなる？,軽くなる,重くなる,固まる,変わらない,0,上昇気流の原因,物理
364,理科,1,光が進む最も速い場所は？,真空,水中,空気,ガラス,0,宇宙空間で最速,光
365,理科,2,川の水が曲がりながら流れる理由は？,浸食,圧力,反射,分解,0,土地が削られていく,地学
366,理科,2,植物の葉の裏にある小さな穴の名前は？,気孔,空孔,水孔,塩孔,0,ガス交換を行う部分,植物
367,理科,2,太陽系で最も大きい惑星は？,木星,土星,天王星,金星,0,巨大なガス惑星,天体
368,理科,2,鉄の粉と硫黄を混ぜて加熱するとできる物質は？,硫化鉄,硫酸,酸化鉄,硫黄鉄,0,化学反応の代表例,化学
369,理科,2,蒸発しやすい液体の特徴は？,沸点が低い,色が濃い,重い,泡が多い,0,常温でも気体になりやすい,物質
370,理科,2,地球の地殻の下にある層は？,マントル,核,地表,帯水層,0,地球の内部構造の一部,地学
371,理科,3,光が反射して物が見えるときの角度関係は？,入射角=反射角,入射角＜反射角,入射角＞反射角,関係ない,0,鏡でよく使う法則,光
372,理科,3,植物の根が重力方向に伸びる性質は？,屈地性,屈光性,屈水性,屈温性,0,根と茎で方向が逆,植物
373,理科,3,電流が流れる時に発生する周りの力は？,磁界,風,光,圧力,0,モーターの原理にもなる,電気
374,理科,3,太陽の表面温度は約どれくらい？,6000℃,60℃,600℃,6万℃,0,黒体放射で推定される,天体
375,理科,3,火山が噴火すると何が形成されることが多い？,火砕流,水蒸気雲,断層,氷河,0,非常に危険な現象,地学
376,理科,1,気圧が高いと天気はどうなりやすい？,晴れ,雨,風強い,雷鳴る,0,下降気流が働くため,気象
377,理科,1,水溶液の濃さを変えるには？,溶質か水を増減,温度固定,振る,光を当てる,0,割合を調整する,化学
378,理科,2,体を動かしたときに熱が出る主な理由は？,筋肉の活動,摩擦音,血の色,水蒸気,0,エネルギー消費が熱になる,生物
379,理科,2,月の満ち欠けは何が原因？,太陽と月の位置関係,自転速度,反射音,風,0,見え方が変わるだけ,天体
380,理科,3,金属を加熱すると多くの場合どのように変化する？,膨張する,縮む,色が消える,音が止まる,0,温度と体積の関係,物質
381,理科,1,地球の表面の多くを占めるのは？,海,山,氷,砂漠,0,約7割を占める,地学
382,理科,1,呼吸で吐き出す主な気体は？,二酸化炭素,酸素,窒素,ヘリウム,0,体内で使われた後の気体,生物
383,理科,1,空気を冷やすとどうなる？,縮む,膨らむ,発光する,固まる,0,密度が変化する,物理
384,理科,1,水は何度で氷になる？,0℃,10℃,50℃,100℃,0,最も基本的な温度,状態変化
385,理科,2,月食はどんなときに起こる？,地球の影に入る,月が爆発する,太陽が消える,雲が覆う,0,満月のときに起きる現象,天体
386,理科,2,気圧が低いと空気はどうなる？,上昇する,下降する,固まる,伸びる,0,天気が崩れやすい理由,気象
387,理科,2,植物が日中に行う主な働きは？,光合成,呼吸のみ,発光,蒸発のみ,0,酸素を生み出す働き,植物
388,理科,2,電流が流れるために必要なものは？,回路,音,火,光,0,ぐるっと一周つながる必要がある,電気
389,理科,2,気象で「湿度」が高いと何が起こりやすい？,結露,乾燥,伸縮,発火,0,窓に水滴がつく原因,気象
390,理科,2,金属を曲げたときに「元に戻りにくい」性質は？,塑性,弾性,磁性,導電,0,加工しやすい理由,物質
391,理科,3,化石はどのような環境で残りやすい？,土に埋もれる,光を当てる,火で温める,乾かす,0,長期間保存される条件,地学
392,理科,3,物質が液体から気体へ変わると体積はどうなる？,大きくなる,小さくなる,変わらない,消える,0,沸騰でも起こる変化,状態変化
393,理科,3,金星が明るく見える理由は？,濃い雲が反射,自ら光る,地球に近いから,温度が低いから,0,「明けの明星」とも呼ばれる,天体
394,理科,3,酸素が多いほどよく起こる現象は？,燃焼,発光,蒸発,凍結,0,火が強くなる条件,化学
395,理科,3,地球の「自転軸」が傾いているために起こるのは？,四季,潮の満ち引き,地震,雷,0,季節の変化の原因,地学
396,理科,1,氷が浮く理由は？,密度が小さい,色が白い,音を出す,形が丸い,0,水より軽いという性質,物質
397,理科,1,空気中の水蒸気が冷えて白く見えるものは？,雲,雪,塩,鉄,0,空に浮かぶ白いかたまり,気象
398,理科,2,音が出るしくみは？,振動,光反射,摩擦,温度変化,0,スピーカーにも応用される,音
399,理科,2,地球が太陽の周りを1周するのにかかる時間は？,約1年,約1日,約1か月,約10年,0,公転の周期,天体
400,理科,3,イオン結合が起こるのはどんな粒子同士？,陽イオンと陰イオン,水素同士,中性子同士,電子と中性子,0,電気的な引力で結びつく,化学
401,歴史,1,縄文時代の特徴的な土器は？,縄文土器,弥生土器,須恵器,陶磁器,0,模様が多いのが特徴,日本史
402,歴史,1,古代エジプトの王を何と呼ぶ？,ファラオ,皇帝,王侯,チーフ,0,ピラミッドで有名,世界史
403,歴史,1,古代ローマが発達させた建築物は？,水道橋,石造船,木造寺院,土塁砦,0,半円アーチが特徴,世界史
404,歴史,1,平安時代に作られた日本最古の物語は？,竹取物語,源氏物語,枕草子,今昔物語,0,かぐや姫の物語,日本史
405,歴史,2,武士の社会が始まった時代は？,鎌倉時代,江戸時代,室町時代,奈良時代,0,源頼朝が初代将軍,日本史
406,歴史,2,シルクロードが結んだのはどんな地域？,東西の交易路,北極と南極,海底と陸地,農地と都市,0,文化交流の道,世界史
407,歴史,2,戦国時代の城下町が発達した理由は？,商人が集まった,火山が噴いた,海が広がった,道が消えた,0,政治と経済の中心だった,日本史
408,歴史,2,産業革命が最初に起きた国は？,イギリス,アメリカ,ドイツ,フランス,0,18世紀後半の大転換期,世界史
409,歴史,2,江戸時代の参勤交代の目的は？,大名の統制,税の増加,戦の準備,宗教行事,0,江戸と国元を往復させた制度,日本史
410,歴史,2,明治維新の中心となった人物が多い藩は？,薩摩と長州,紀伊と水戸,土佐と常陸,越後と庄内,0,倒幕運動の中心地,日本史
411,歴史,3,アテネの政治制度として有名なのは？,民主政,専制,軍制,長老制,0,市民が政治に参加した,世界史
412,歴史,3,中世ヨーロッパで力を持った身分は？,騎士,農奴,商人,工匠,0,封建制度時代に活躍,世界史
413,歴史,3,蒙古襲来の際に日本を守ったとされる自然現象は？,暴風雨,地震,噴火,干ばつ,0,「神風」と呼ばれた,日本史
414,歴史,3,江戸時代に庶民文化が発達した理由は？,平和が続いた,戦争が多かった,人口が減った,食糧不足,0,安定した時期だった,日本史
415,歴史,3,ルネサンスが始まった都市は？,フィレンツェ,パリ,ロンドン,ベルリン,0,芸術と学問の復興運動,世界史
416,歴史,1,中国の史書『三国志』に登場する時代は？,後漢末期,唐の初期,明の中期,宋の終わり,0,群雄割拠の時代,世界史
417,歴史,1,江戸時代に広まった読み物は？,浮世草子,軍記物語,祝詞,能楽集,0,町人文化の代表,日本史
418,歴史,2,琉球王国が栄えた理由は？,中継貿易,金山,火山資源,寒冷地,0,アジアの海上交易の中心だった,日本史
419,歴史,2,ヨーロッパで中世末期に流行した疫病は？,ペスト,マラリア,赤痢,結核,0,人口が激減した大災害,世界史
420,歴史,2,第一次世界大戦のきっかけとなった事件は？,サラエボ事件,ローマの崩壊,万里の長城完成,スペイン内乱,0,オーストリア皇太子が暗殺された,世界史
421,歴史,1,弥生時代に広まった代表的な農作物は？,稲,麦,芋,豆,0,水田が作られ始めた,日本史
422,歴史,1,古代ギリシャで開かれた競技大会は？,オリンピア競技,ローマ大会,ライン大会,パルテノン杯,0,現代五輪の元になった,世界史
423,歴史,1,飛鳥時代の仏教文化で有名な寺院は？,法隆寺,金閣寺,平等院,清水寺,0,世界最古級の木造建築,日本史
424,歴史,1,中世ヨーロッパで農民が仕えていた領主制度は？,封建制度,共和制度,連邦制度,属州制度,0,騎士と農民の関係が特徴,世界史
425,歴史,2,奈良時代に作られた国の歴史書は？,日本書紀,古事記,風土記,続日本紀,0,国家編纂の正史,日本史
426,歴史,2,イスラム教の聖地として有名な都市は？,メッカ,ローマ,カイロ,ロンドン,0,巡礼の地として知られる,世界史
427,歴史,2,室町時代の将軍が住んだ建物は？,花の御所,聚楽第,二条城,江戸城,0,京都にあった御所,日本史
428,歴史,2,フランス革命のスローガンは？,自由・平等・友愛,愛・平和・勇気,団結・進歩・未来,光・誇り・栄光,0,18世紀の大改革,世界史
429,歴史,2,豊臣秀吉が全国の土地を調べた政策は？,太閤検地,秣場検査,御蔵整理,蔵米制度,0,石高を決めるために実施,日本史
430,歴史,2,アメリカ独立宣言が採択された年は？,1776年,1492年,1812年,1920年,0,建国の象徴的な年,世界史
431,歴史,3,古代中国で始まった学問・政治の中心思想は？,儒教,神道,道教,密教,0,孔子の教え,世界史
432,歴史,3,源平合戦で源氏側の中心人物は？,源義経,平清盛,平知盛,木曽義仲,0,壇ノ浦で活躍した武将,日本史
433,歴史,3,ルターが宗教改革を始めた理由は？,免罪符批判,王の圧政,疫病対策,金不足,0,教会の腐敗が背景,世界史
434,歴史,3,鎌倉幕府の実権を握ったのは？,北条氏,足利氏,藤原氏,島津氏,0,執権政治を行った,日本史
435,歴史,3,第一次世界大戦後に作られた国際平和機関は？,国際連盟,国際連合,欧州会議,世界評議会,0,国連の前身,世界史
436,歴史,1,江戸時代の貨幣制度で使われた通貨は？,金・銀・銭,紙幣のみ,米貨だけ,銅貨のみ,0,三貨制度と呼ばれた,日本史
437,歴史,1,縄文時代の人々が住んだ家の形は？,竪穴住居,高床倉庫,長屋,平屋門,0,土を掘って作った住居,日本史
438,歴史,2,古代ローマの娯楽施設として有名なものは？,コロッセオ,カテドラル,バベル塔,ピサ塔,0,剣闘士競技で知られる,世界史
439,歴史,2,江戸の町で発達した出版文化は？,浮世絵,蒔絵,木簡,漆紙,0,錦絵として庶民に人気,日本史
440,歴史,3,ナポレオンがロシア遠征で苦戦した最大の理由は？,寒さ,食料,地震,疫病,0,「冬将軍」と呼ばれる環境,世界史
441,歴史,1,弥生時代に使われた代表的な金属は？,青銅,鉄,銀,鉛,0,銅とスズの合金,日本史
442,歴史,1,古代メソポタミアで使われた文字は？,楔形文字,象形文字,仮名文字,線文字,0,粘土板に刻まれた,世界史
443,歴史,1,卑弥呼が治めた国は？,邪馬台国,百済,新羅,大和国,0,魏志倭人伝に登場,日本史
444,歴史,1,中世ヨーロッパの騎士が守った精神は？,騎士道,武士道,商人道,農民道,0,貴族社会の倫理,世界史
445,歴史,2,仏教が日本に伝わったのはどの時代？,飛鳥時代,弥生時代,江戸時代,鎌倉時代,0,6世紀ごろに伝来,日本史
446,歴史,2,アステカ文明が栄えた場所は？,メキシコ,インド,エジプト,スペイン,0,ピラミッドで有名,世界史
447,歴史,2,平安時代の政権で力を持った一族は？,藤原氏,北条氏,源氏,島津氏,0,摂関政治の中心,日本史
448,歴史,2,産業革命で主に使われたエネルギー源は？,蒸気機関,風力,水車,石臼,0,機械化の原動力,世界史
449,歴史,2,江戸幕府を開いた人物は？,徳川家康,豊臣秀吉,織田信長,源頼朝,0,1603年に成立,日本史
450,歴史,2,ロシア革命で成立した国家は？,ソビエト連邦,オスマン帝国,ナポリ王国,満洲国,0,20世紀前半の大事件,世界史
451,歴史,3,平清盛が行った対外政策は？,日宋貿易,日韓同盟,日米条約,日仏交易,0,宋との交易で大きな利益,日本史
452,歴史,3,十字軍の目的は？,聖地奪還,国家統一,海洋探索,芸術振興,0,中世ヨーロッパの宗教戦争,世界史
453,歴史,3,応仁の乱が起こった原因は？,将軍家の後継争い,寺の火災,倉庫の破壊,疫病流行,0,戦国時代のきっかけ,日本史
454,歴史,3,黒死病が中世ヨーロッパに与えた影響は？,人口激減,貨幣消失,海面上昇,地震多発,0,社会が大混乱した,世界史
455,歴史,3,明治政府が近代化のために行った政策は？,富国強兵,海上封鎖,国内孤立,農村解体,0,軍事と産業を強化,日本史
456,歴史,1,古墳時代の代表的な墓の形は？,前方後円墳,四角形墳,円柱墳,長方墳,0,鍵穴の形に見える,日本史
457,歴史,1,ローマ帝国の象徴的な道は？,ローマ街道,黄金街路,石畳ロード,元老院通り,0,軍や商業に利用,世界史
458,歴史,2,鎌倉時代に武士が従った道徳観は？,武士道,唐風道,朱子道,善義道,0,義と忠を重んじた,日本史
459,歴史,2,中国で最初に紙を発明した王朝は？,後漢,唐,宋,明,0,蔡倫が改良したとされる,世界史
460,歴史,3,大航海時代が始まった最大の目的は？,アジアへの新航路,宗教対立,寒冷化,人口増,0,香辛料を求めた海の冒険,世界史
461,歴史,1,中国の古代王朝で最初に始まったとされるのは？,夏,殷,周,秦,0,伝説的な王朝,世界史
462,歴史,1,江戸時代に庶民の教育を担った施設は？,寺子屋,藩校,大学寮,書院,0,読み書きそろばん,日本史
463,歴史,1,古代エジプトで崇拝された動物は？,猫,犬,牛,馬,0,神の使いとされた,世界史
464,歴史,1,中世日本の武士の住まいは？,館,長屋,天守,高床,0,豪族の拠点,日本史
465,歴史,2,唐の都として栄えた都市は？,長安,西安,洛陽,杭州,0,国際都市として繁栄,世界史
466,歴史,2,平安時代の貴族文化で重んじられたのは？,和歌,武術,農耕,鍛冶,0,雅な文化,日本史
467,歴史,2,ルネサンス期に活躍した芸術家は？,レオナルド・ダ・ヴィンチ,バッハ,ニュートン,ナポレオン,0,万能の天才と呼ばれる,世界史
468,歴史,2,日本の江戸幕府が鎖国を進めた主な目的は？,治安の安定,食料確保,寒冷対策,水不足対策,0,外国勢力を抑えるため,日本史
469,歴史,2,古代インドで生まれた宗教は？,仏教,キリスト教,イスラム教,儒教,0,釈迦の教えが広まった,世界史
470,歴史,2,安土桃山時代に建てられた特徴的な建築物は？,天守閣,竪穴住居,高床倉庫,合掌造り,0,城の象徴,日本史
471,歴史,3,フランス革命後に皇帝となった人物は？,ナポレオン,シャルル,ルイ14世,クロムウェル,0,19世紀初頭の英雄,世界史
472,歴史,3,日本が近代国家を目指すきっかけとなった出来事は？,黒船来航,蒙古襲来,大塩の乱,島原の乱,0,1853年の大事件,日本史
473,歴史,3,第一次世界大戦で主に使われた戦術は？,塹壕戦,海賊戦,空挺奇襲,地下攻撃,0,消耗戦が続いた,世界史
474,歴史,3,江戸時代後期に農民一揆が増えた理由は？,飢饉,軍拡,地震,疫病,0,米の収穫が減少,日本史
475,歴史,3,アメリカ南北戦争の主な争点は？,奴隷制,宗教対立,国境問題,海洋権益,0,北部と南部の対立,世界史
476,歴史,1,古代ギリシャの代表的な建物は？,パルテノン神殿,コロッセオ,タジマハル,万里の長城,0,アテネの象徴,世界史
477,歴史,1,江戸の町で火事が多かった原因は？,木造建築,海風,湿地帯,石造が少ない,0,延焼しやすかった,日本史
478,歴史,2,ローマ帝国がヨーロッパに残したものは？,道路網,漢字,油絵,木彫,0,軍や交易を支えた,世界史
479,歴史,2,鎌倉幕府を滅ぼした勢力は？,後醍醐天皇側,北条氏,島津氏,新田氏のみ,0,建武の新政へつながる,日本史
480,歴史,3,第二次世界大戦後に世界が東西に分裂した理由は？,冷戦,宗教統一,貨幣改革,疫病の拡大,0,アメリカとソ連の対立,世界史
481,歴史,1,古代中国で紙・火薬・印刷と並ぶ四大発明の1つは？,羅針盤,鉄砲,温度計,時計,0,航海に必須の道具,世界史
482,歴史,1,古墳時代に使われた甲冑の素材は？,鉄,木,革,金,0,防御力の高い金属,日本史
483,歴史,1,アステカ文明が滅んだ原因は？,スペインの侵略,大地震,飢饉,内戦,0,コルテスの遠征軍,世界史
484,歴史,1,江戸時代に幕府の政治を補佐した役職は？,老中,評定番,軍監,書生,0,重臣たちによる政治,日本史
485,歴史,2,仏教の開祖とされる人物は？,ガウタマ・シッダールタ,孔子,ソクラテス,アショーカ,0,悟りを開いた人物,世界史
486,歴史,2,平安京が置かれた現在の都市は？,京都,奈良,大阪,盛岡,0,長く日本の中心だった,日本史
487,歴史,2,中国の秦を統一した皇帝は？,始皇帝,劉邦,武則天,康熙帝,0,万里の長城の整備でも有名,世界史
488,歴史,2,室町時代に広まった庶民の娯楽は？,茶の湯,歌舞伎,能楽,囲碁だけ,0,足利義政らが愛した文化,日本史
489,歴史,2,アメリカの独立運動で指導者となった人物は？,ジョージ・ワシントン,リンカーン,メッテルニヒ,ルソー,0,初代大統領にもなる,世界史
490,歴史,2,江戸時代に物価や流通を管理した役所は？,勘定所,寺社奉行,評定所,普請方,0,財政を担当した部署,日本史
491,歴史,3,ルネサンスが広まった背景にある経済力の源は？,商業の発展,農業の縮小,軍事の停滞,疫病の流行,0,富が文化を支えた,世界史
492,歴史,3,幕末に日本を開国させた条約は？,日米和親条約,日米安全条約,ヴェルサイユ条約,下関条約,0,1854年に締結,日本史
493,歴史,3,第一次世界大戦中に広まった新兵器は？,戦車,水車,熱気球,帆船,0,戦場の形を変えた兵器,世界史
494,歴史,3,関ヶ原の戦いで勝利したのは誰？,徳川家康,石田三成,織田信雄,伊達政宗,0,江戸幕府成立のきっかけ,日本史
495,歴史,3,イギリスの産業革命で重要だった繊維産業の素材は？,綿,羊毛,麻,絹,0,機械化が進んだ産業,世界史
496,歴史,1,古代ローマの公共施設として代表的なのは？,浴場,灯台,学校,水族館,0,生活に欠かせない設備,世界史
497,歴史,1,縄文人がよく利用した食材は？,木の実,牛肉,とうもろこし,米,0,自然採集が中心,日本史
498,歴史,2,ポルトガル船が日本に来航したのは何時代？,室町時代,戦国時代,江戸時代,奈良時代,0,鉄砲伝来の背景,日本史
499,歴史,2,フランス革命後の処刑方法として広まった道具は？,ギロチン,火縄銃,弓,投石機,0,迅速な処刑方法として有名,世界史
500,歴史,3,明治時代の近代化政策で鉄道が最初に開通した区間は？,新橋〜横浜,京都〜大阪,仙台〜青森,名古屋〜岐阜,0,1872年に開業,日本史
501,雑学,1,世界で一番面積が大きい国は？,ロシア,中国,アメリカ,カナダ,0,国土がとても広い,地理
502,雑学,1,人が最初に感じる味覚は？,甘味,酸味,苦味,辛味,0,赤ちゃんの好む味,科学
503,雑学,1,地球の海が青く見えるのは？,光の散乱,海の色,空の映り込み,魚の光,0,光の性質による,自然
504,雑学,1,世界で最も人口が多い国は？,中国,インド,アメリカ,インドネシア,0,10億人以上の国,地理
505,雑学,2,ハチが蜜を集めるのは何のため？,食料と巣作り,遊び,冬眠,仲間探し,0,生存に必要,動物
506,雑学,2,地球の大気の約78%を占める気体は？,窒素,酸素,二酸化炭素,アルゴン,0,ほとんどがこれ,科学
507,雑学,2,虹が見えるのはどういう時？,雨上がりの太陽,夜の月,風が強い時,雪の日,0,光と水滴が関係,自然
508,雑学,2,体の中で一番重い臓器は？,肝臓,心臓,肺,腎臓,0,解毒にも関わる,人体
509,雑学,2,コーヒーの苦味成分の主な物質は？,カフェイン,タンパク質,ビタミン,酸素,0,覚醒作用でも有名,飲食
510,雑学,2,猫が喉を鳴らすのはどんな時？,安心,怒り,空腹,寒さ,0,リラックスの合図,動物
511,雑学,3,海の潮の満ち引きの原因は？,月の引力,地熱,風,海流,0,天体の力が作用する,自然
512,雑学,3,寿命が最も長いとされる動物は？,ゾウガメ,ライオン,チンパンジー,ワニ,0,200年近く生きることも,動物
513,雑学,3,地球で一番深い場所は？,マリアナ海溝,黒海,カリブ海,地中海,0,1万メートル近い深さ,地理
514,雑学,3,光の速さに最も近いものは？,電波,音波,風,水流,0,宇宙空間を進む速さ,科学
515,雑学,3,植物の根が水を吸う力の主な要因は？,浸透圧,重力,空気圧,磁力,0,水分がひっぱられる力,生物
516,雑学,1,日本で一番高い山は？,富士山,北岳,槍ヶ岳,白山,0,標高3776m,日本
517,雑学,1,日本の国鳥は？,キジ,スズメ,ツル,フクロウ,0,昔話でも登場,日本
518,雑学,2,ペンギンが住んでいる地域は？,南極周辺,北極,熱帯だけ,砂漠,0,寒さに強い鳥,動物
519,雑学,2,風鈴の音が涼しく感じる理由は？,高い音の効果,風速の変化,温度が下がる,色が青い,0,心理的な涼しさ,文化
520,雑学,2,黒い服が太陽の下で暑くなるのは？,光を吸収する,冷気を吸う,湿度が高い,風を止める,0,色と光の関係,科学
521,雑学,1,地球の陸地で最も広いのは？,ユーラシア大陸,アフリカ大陸,北アメリカ大陸,南アメリカ大陸,0,世界最大の大陸,地理
522,雑学,1,カエルが鳴く目的は？,仲間を呼ぶ,敵を呼ぶ,寒さ対策,水を探す,0,繁殖行動の一つ,動物
523,雑学,1,人間の体の約60%を占めるのは？,水,脂肪,骨,糖,0,生命維持に必要,人体
524,雑学,1,地球が丸いことを最初に証明した方法は？,船の水平線,音の反響,色の変化,風の向き,0,水平線に消える姿がヒント,地理
525,雑学,2,雷の音が遅れて聞こえる理由は？,音が遅い,光が遅い,雲が薄い,空気が固い,0,光より音の速度が小さい,自然
526,雑学,2,コアラが1日の大半を眠る理由は？,エサの栄養が低い,夜行性,寒さ,天敵,0,ユーカリはエネルギーが少ない,動物
527,雑学,2,ヨーグルトが体に良い理由は？,乳酸菌,炭酸ガス,砂糖,鉄分,0,腸内環境を整える,食品
528,雑学,2,砂漠で昼は暑く夜は寒いのは？,湿度が低い,火山が近い,風が強い,土が少ない,0,熱が逃げやすい環境,自然
529,雑学,2,アリが道に並んで歩く理由は？,匂いの道筋,風向き,星の位置,振動,0,フェロモンがポイント,動物
530,雑学,2,深海魚が暗闇で暮らせる理由は？,発光,寒さ,高温,重さ,0,自分で光る種類もいる,自然
531,雑学,3,人間が寒いと震える理由は？,体温維持,筋力増強,酸素不足,光反応,0,熱を作ろうとする反応,人体
532,雑学,3,地球の自転速度は赤道上でどれくらい？,約1700km/h,約170km/h,約17km/h,約1km/h,0,かなり高速で回っている,地理
533,雑学,3,エベレストより高い山は？,オリンポス山,デナリ,富士山,六甲山,0,地球外には存在,宇宙
534,雑学,3,脳が最もエネルギーとして使うのは？,ブドウ糖,脂肪酸,水,ビタミン,0,不足すると集中力低下,人体
535,雑学,3,オーロラが発生する原因は？,太陽風と大気,海流,地震,極寒,0,宇宙からのエネルギー,自然
536,雑学,1,鳥が渡りをする理由は？,餌と気候,遊び,敵回避,重力,0,生存に有利な環境へ,動物
537,雑学,1,牛乳を温めるとできる膜は？,タンパク質,砂糖,油,水,0,成分が固まったもの,食品
538,雑学,2,山ができる主な原因は？,プレート運動,風の力,雪,雷,0,地球内部の動き,地学
539,雑学,2,飛行機が高度を上げるとどうなる？,気圧が下がる,空気が濃い,熱が上がる,音が速い,0,耳がつまる原因,科学
540,雑学,2,太陽が赤く見える夕方の理由は？,光の散乱,太陽が冷える,雲の熱,風速の影響,0,青い光が届きにくい,自然
541,雑学,1,南極に住んでいる動物は？,ペンギン,北極グマ,トナカイ,オオカミ,0,寒さに強い鳥,自然
542,雑学,1,人間の体で最も硬い部分は？,歯のエナメル質,頭蓋骨,爪,かかと,0,骨より硬い,人体
543,雑学,1,バナナが曲がる理由は？,太陽に向かう,土に向かう,水分,温度,0,上に伸びようとする性質,植物
544,雑学,1,日本で一番長い川は？,信濃川,利根川,淀川,阿武隈川,0,本州を流れる大河,日本
545,雑学,2,コーヒーが香る理由は？,焙煎の香り,水の香り,油の匂い,鉄分,0,加熱で成分が広がる,食品
546,雑学,2,星が瞬いて見える理由は？,大気の揺らぎ,星の震え,光の遅延,風の強さ,0,地球側の原因,宇宙
547,雑学,2,月の表面に大きな黒い模様があるのは？,玄武岩,湖,影,雲,0,噴き出した溶岩の跡,天体
548,雑学,2,牛肉が赤く見える理由は？,ミオグロビン,鉄分が多い,脂が白い,酸素不足,0,筋肉中のたんぱく質,食品
549,雑学,2,世界で最も深い湖は？,バイカル湖,カスピ海,ビクトリア湖,タンガニーカ湖,0,シベリアにある湖,地理
550,雑学,2,昆虫が脱皮する目的は？,成長するため,休むため,逃げるため,気温調整,0,体を大きくする仕組み,動物
551,雑学,3,鳥が飛ぶために重要な骨は？,胸骨,足骨,尾骨,頭骨,0,翼を動かす筋肉がつく場所,動物
552,雑学,3,地球の内部で最も温度が高いのは？,内核,外核,マントル,地殻,0,中心部の金属球,地学
553,雑学,3,地球の大気圏はどれくらいの高さまで？,約100km,約1km,約10km,約500km,0,宇宙との境界の目安,科学
554,雑学,3,イルカが音で周囲を知るしくみは？,反響定位,赤外線,磁場感知,静電感知,0,超音波を使う,動物
555,雑学,3,夜空で最も明るく見える恒星は？,シリウス,ベガ,アルタイル,カペラ,0,おおいぬ座の星,宇宙
556,雑学,1,緑茶が苦くなる原因は？,カテキン,砂糖,塩分,鉄分,0,抽出しすぎると増える,食品
557,雑学,1,ハチミツが腐りにくい理由は？,水分が少ない,砂糖が多い,冷たい,光が反射,0,保存性の高さの秘密,食品
558,雑学,2,温泉の色が変わる理由は？,成分の違い,光不足,風の強さ,湯気,0,鉄や硫黄の含有量,自然
559,雑学,2,日本で一番面積の小さい都道府県は？,香川県,沖縄県,大阪府,富山県,0,四国の北東部,日本
560,雑学,2,船が海に浮く理由は？,浮力,風力,水圧,温度差,0,重さと体積の関係,科学
561,雑学,1,冬に空気が乾燥しやすい理由は？,水分が少ない,風が弱い,雲が重い,海が遠い,0,気温が低いと水蒸気も減る,自然
562,雑学,1,レモンが酸っぱい主な成分は？,クエン酸,ビタミンA,糖分,鉄分,0,酸味の代表的な物質,食品
563,雑学,1,時計の針が右回りなのは何の影響？,太陽の動き,月の動き,潮の満ち引き,風向き,0,北半球から見た太陽の動き,文化
564,雑学,1,金魚が赤いのはどんな理由？,色素,睡眠,水温,匂い,0,品種改良で生まれた色,生物
565,雑学,2,海の水がしょっぱいのはなぜ？,塩が溶けている,深さがある,泡が多い,太陽が強い,0,陸の成分が運ばれる,自然
566,雑学,2,ジャガイモが緑になる原因は？,光に当たる,熱が強い,水が多い,風が吹く,0,毒素が増えることも,食品
567,雑学,2,猫のヒゲは何に役立つ？,距離感,音量調整,体温調節,睡眠,0,すき間の幅を知るセンサー,動物
568,雑学,2,乾電池の電気が出る仕組みは？,化学反応,風力,温度差,光反射,0,内部で起こる反応が電流に,科学
569,雑学,2,火山の噴火で出てくる灰を何という？,火山灰,黒土,石粉,風砂,0,空を覆うこともある,自然
570,雑学,2,人が赤面する主な原因は？,血流が増える,酸素不足,脂肪減少,汗の蒸発,0,緊張や感情の反応,人体
571,雑学,3,宇宙空間で音が聞こえないのは？,空気がない,温度が低い,光が強い,重力が弱い,0,音は空気の振動,宇宙
572,雑学,3,砂漠に緑の植物が少ない理由は？,雨が少ない,土が硬い,夜が短い,月が明るい,0,水不足が最大の要因,自然
573,雑学,3,カメレオンが色を変える主な目的は？,気分や体温調整,夜の照明,走る速度,睡眠時間,0,擬態以外の理由もある,動物
574,雑学,3,世界で最も面積が大きい湖は？,カスピ海,バイカル湖,琵琶湖,ビクトリア湖,0,「海」とついても湖扱い,地理
575,雑学,3,月の裏側が地球から見えない理由は？,自転と公転が同期,光が弱い,影が濃い,風がない,0,同じ面を向け続ける,天体
576,雑学,1,地球に四季がある原因は？,地軸の傾き,月の距離,海の深さ,空気の色,0,太陽光の当たり方が変わる,科学
577,雑学,1,ミツバチが巣で踊るのは何のため？,情報交換,遊び,休憩,温度調整,0,蜜の場所を仲間に伝える,動物
578,雑学,2,雪の結晶が六角形になりやすい理由は？,水分子の形,空気圧,風向き,温度固定,0,H2Oの構造による,自然
579,雑学,2,空が青く見える理由は？,光の散乱,海の色反射,大気の成分,山の影,0,青い光が届きやすい,科学
580,雑学,2,地震の「震源の深さ」が深いほどどうなる？,揺れが広く弱くなる,揺れが狭く強くなる,音が高くなる,雷が増える,0,深いほど地表の揺れは弱め,自然
581,雑学,1,卵の殻が白いか茶色かの違いは？,鶏の種類,餌の色,温度の差,湿度の差,0,品種による違い,動物
582,雑学,1,海で波ができる主な原因は？,風,月光,温度,魚の動き,0,海面を押し動かす力,自然
583,雑学,1,植物が夜に行う主な働きは？,呼吸,光合成,発光,脱皮,0,酸素を使う働き,植物
584,雑学,1,日本で一番短い名前の県庁所在地がある県は？,三重県,愛知県,福井県,群馬県,0,漢字1文字,日本
585,雑学,2,金属がサビる最大の原因は？,酸素と水,光不足,重力,音,0,化学反応の一種,科学
586,雑学,2,エネルギーが一番多い栄養素は？,脂質,炭水化物,ビタミン,水分,0,1gあたりの熱量が高い,食品
587,雑学,2,世界で最も高い木は？,セコイア,スギ,ヒノキ,マツ,0,100m超えの巨木,自然
588,雑学,2,ホタルが光る目的は？,仲間や異性への合図,体温調整,敵の攻撃,道しるべ,0,発光はコミュニケーション,動物
589,雑学,2,宇宙で宇宙飛行士が涙を流すとどうなる？,顔に張り付く,下に落ちる,蒸発する,凍る,0,無重力ならでは,宇宙
590,雑学,2,雪が白く見える理由は？,光が乱反射,水が白い,空気の色,土の影響,0,多方向に光が散るため,科学
591,雑学,3,北極と南極のどちらに陸地がある？,南極,北極,どちらも無い,両方同じ,0,氷の下は大陸,地理
592,雑学,3,地球上で最も硬い天然物質は？,ダイヤモンド,金,鉄,水晶,0,鉱物の中で最強クラス,科学
593,雑学,3,宇宙の「無重力」で体が伸びる理由は？,背骨が広がる,筋肉が伸びる,血流が増える,体水分が減る,0,地球の重力が無い影響,人体
594,雑学,3,海の色が場所によって違う主な理由は？,プランクトン量,潮の音,空の角度,海藻の匂い,0,緑や青の違いに見える,自然
595,雑学,3,コーヒー豆は実は何？,果実の種,葉の根,豆の殻,木の皮,0,「コーヒーチェリー」という実,食品
596,雑学,1,雪だるまが溶ける理由は？,気温が高い,音が強い,光が弱い,風がない,0,熱が原因,自然
597,雑学,1,人のくしゃみが速いのは何のため？,異物を出すため,声を出すため,眠るため,水分を飛ばすため,0,体の防御反応,人体
598,雑学,2,川の水が濁る最大の理由は？,土砂が混ざる,色が変わる,魚が動く,空気が少ない,0,雨の後に多い現象,自然
599,雑学,2,アルミホイルが料理で使われる理由は？,熱を反射,味を変える,水を吸う,光るから,0,包むと熱がこもる,家庭
600,雑学,2,ペットボトルがつぶれやすいのは？,気圧差,水分,音,光,0,中と外の圧力差で起きる,科学
601,数学,1,三角形の内角の和は？,180度,90度,360度,270度,0,どんな三角形でも同じ,図形
602,数学,1,円周率の最初の3桁は？,3.14,3.41,3.04,3.1,0,もっと続けると無限,数
603,数学,1,100を25で割ると？,4,8,6,2,0,10×10のこと,数
604,数学,1,四角形の内角の和は？,360度,180度,270度,540度,0,四つの角を足すとこうなる,図形
605,数学,1,偶数とはどんな数？,2で割り切れる数,奇妙な数,整数でない数,小数のこと,0,0も含まれる,数
606,数学,2,素数の定義は？,1と自分だけで割れる数,偶数の中の数,三角形の数,分数の一種,0,"2,3,5など",数
607,数学,2,1/2を小数で表すと？,0.5,0.2,1.2,0.25,0,基本の分数変換,数
608,数学,2,直角は何度？,90度,45度,120度,60度,0,三角定規でもおなじみ,図形
609,数学,2,三平方の定理でよく使われる組み合わせは？,03:04:05,02:04:06,01:02:04,05:07:09,0,直角三角形の辺の比,図形
610,数学,2,1Lは何mL？,1000,100,10,500,0,単位換算の基本,単位
611,数学,3,円の面積の公式は？,πr²,2πr,r²/2,π/2,0,rは半径,図形
612,数学,3,平均値とはどんな値？,合計÷個数,最大値,最小値,半分の値,0,集団の代表値,統計
613,数学,3,相似な図形の特徴は？,形が同じ,面積が同じ,体積が同じ,色が同じ,0,拡大縮小して一致,図形
614,数学,3,一次関数はどんなグラフ？,直線,曲線,点線,円形,0,y=ax+bの形,関数
615,数学,1,0をどんな数と呼ぶ？,整数,素数,偶数ではない,実数でない,0,負にも正にもならない,数
616,数学,1,直線はどんな形？,まっすぐ,曲がる,角ばる,丸い,0,無限に伸びる線,図形
617,数学,2,分母が大きいほど1/nの値は？,小さくなる,大きくなる,変わらない,0に近づく,0,1/10より1/100が小さい,数
618,数学,2,三角形の面積は？,底辺×高さ÷2,底辺＋高さ,底辺×高さ,底辺÷高さ,0,基本中の基本,図形
619,数学,3,中央値（メジアン）とは？,真ん中の値,最大値,最頻値,合計値,0,データを並べたときの中心,統計
620,数学,3,指数表記で10³は？,1000,300,30,10.3,0,10×10×10のこと,数
621,数学,1,三角形の外角は隣り合う内角とどう関係する？,足して180度,同じ,2倍,3倍,0,直線になる性質,図形
622,数学,1,奇数とはどんな数？,2で割ると1余る,偶数の倍数,小数,0だけ,0,"1,3,5,7…の特徴",数
623,数学,1,1時間は何分？,60分,30分,100分,120分,0,単位の基本,単位
624,数学,1,四捨五入はどうする操作？,5以上で切り上げ,3未満で削除,7以上で切り捨て,偶数に揃える,0,最も使われる近似方法,数
625,数学,2,直角三角形の斜辺はどの辺？,最も長い辺,最も短い辺,真ん中の辺,角度が小さい辺,0,直角の対側,図形
626,数学,2,掛け算の交換法則とは？,a×b=b×a,a×b=a-b,a×b=b-a,a×b=ab÷2,0,順番を変えても同じ結果,数
627,数学,2,0.25は分数で表すと？,４分の１,２分の１,４分の３,５分の２,0,4分の1のこと,数
628,数学,2,角度の単位で「1周」は何度？,360度,180度,90度,540度,0,円の基準,図形
629,数学,2,√16の値は？,4,3,5,2,0,平方根の代表例,数
630,数学,2,直方体の面の数はいくつ？,6,4,8,10,0,箱型の立体,図形
631,数学,3,標準偏差は何を表す？,データのばらつき,平均値,中央値,合計値,0,散らばり具合の指標,統計
632,数学,3,1より大きくて逆数が自分より小さい数は？,1より大きい実数,負の整数,奇数だけ,偶数だけ,0,逆数と大小の関係,数
633,数学,3,2点を通る直線は何本？,1本,2本,無限,0本,0,どんな2点も1直線に決まる,図形
634,数学,3,分数a/bでbが0の場合は？,定義できない,0になる,1になる,無限大,0,数学では禁止されている,数
635,数学,3,対称な図形で中心を基準に裏返す操作は？,点対称,線対称,回転,平行移動,0,180度回すと一致,図形
636,数学,1,比率とは何を比べたもの？,数量の割合,色の違い,重さのみ,速度のみ,0,2つの量を比較,数
637,数学,1,立方体のすべての辺の長さが同じ理由は？,同じ長さで作られるから,角度が同じだから,色が同じだから,中身が空洞だから,0,正六面体の特徴,図形
638,数学,2,円周の長さは半径を使ってどう表す？,2πr,πr²,r/2,r×3,0,円周率が必ず入る,図形
639,数学,2,比例のグラフはどんな形？,原点を通る直線,丸い線,階段状,波線,0,y=axのイメージ,関数
640,数学,2,三角形の辺の長さの関係で成り立つのは？,三角不等式,関数定理,交換の法則,平方則,0,2辺の合計＞残り1辺,図形
641,数学,1,0より大きい数を何という？,正の数,負の数,奇数,偶数,0,数直線の右側,数
642,数学,1,三角形の重心とは？,3本の中線の交点,内角の和,外角の和,最長の辺,0,バランスの中心,図形
643,数学,1,10の3倍はどれ？,30,13,300,3,0,単純な倍数,数
644,数学,1,角度の単位「°」は何を表す？,度,分,秒,角,0,最も基本の角の単位,単位
645,数学,2,点対称な図形は回転するとどうなる？,180度で重なる,90度で止まる,どこでも同じ,形が変わる,0,中心を挟んで左右反転,図形
646,数学,2,連立方程式とは何を扱う？,複数の方程式,円の面積,分数の約分,素因数分解,0,同時に解く考え方,方程式
647,数学,2,等差数列の特徴は？,差が一定,比が一定,色が一定,形が一定,0,増え方が同じ,数列
648,数学,2,1/3を小数で表すと？,0.333…,0.3,0.033,3.3,0,循環小数,数
649,数学,2,ひし形の特徴は？,4辺同じ長さ,直角のみ,円に接する,点対称でない,0,菱形とも呼ばれる,図形
650,数学,2,角の二等分線とは？,角を半分にする線,色を半分にする線,長さを減らす線,点を増やす線,0,角度を均等に割る線,図形
651,数学,3,分散は何を表す値？,データの広がり,中央値,最小値,比率,0,平均からの離れ具合,統計
652,数学,3,指数のルールでa⁰は何になる？,1,0,a,定義なし,0,0以外のaは1になる,指数
653,数学,3,a＞b かつ b＞c のとき成立するのは？,a＞c,a＜c,a=c,比較できない,0,大小関係の基本,数
654,数学,3,三次元空間の座標は？,"x,y,z","1,2,3","東,西,南,北","中心,右,左",0,3軸で位置を表す,図形
655,数学,3,正方形の対角線の長さの比は？,辺の長さ×√2,辺の長さ×2,辺の長さ÷2,辺の長さそのまま,0,45度の三角形の応用,図形
656,数学,1,奇数＋奇数の結果は？,偶数,奇数,分数,0になる,0,1+1のように2の倍数に,数
657,数学,1,長方形の対角線はどうなる？,同じ長さ,長さが違う,交わらない,丸くなる,0,必ず等しい,図形
658,数学,2,比が1:2のとき、大きい方は小さい方の何倍？,2倍,3倍,1.5倍,4倍,0,割合の基本,比
659,数学,2,1〜10の平均値は？,5.5,5,6,4.5,0,(1+10)÷2,統計
660,数学,2,平行な2直線に1本の直線を交わらせたとき等しくなる角は？,錯角,鈍角,鋭角,外角,0,有名な角の性質,図形
661,数学,1,線分とはどんな線？,端が2つある線,曲がった線,円の一部,終わりがない線,0,直線との違いに注意,図形
662,数学,1,1ダースはいくつ？,12,10,6,24,0,12個セットの単位,単位
663,数学,1,自然数とはどんな数？,"1,2,3…の数",負の数,小数,分数,0,0を含む場合もある,数
664,数学,1,偶数×偶数の結果は？,偶数,奇数,分数,一定しない,0,2の倍数同士の性質,数
665,数学,2,円の中心と円周を結ぶ線を何という？,半径,直径,弧,接線,0,中心から外へ伸びる線,図形
666,数学,2,平方数とはどんな数？,n×nの形,分数の逆数,2の倍数,奇数の集まり,0,"1,4,9,16…など",数
667,数学,2,1.0と1はどんな関係？,同じ値,1.0が大きい,1の方が大きい,比較できない,0,表記は違うが等しい,数
668,数学,2,三角形の高さとは？,頂点から底辺への垂線,最も長い辺,周りの長さ,角の大きさ,0,面積の計算に必要,図形
669,数学,2,比1:3の合計は？,4,3,2,6,0,全体の割合を表す,比
670,数学,2,0.1の10倍は？,1,10,0.01,5,0,小数の基本,数
671,数学,3,絶対値とは何を表す？,距離,符号,角度,大きさだけ,0,0からの離れ具合,数
672,数学,3,2点間の最短距離は？,直線,曲線,折れ線,回転線,0,数学の基本性質,図形
673,数学,3,a÷(b÷c) はどう書ける？,a×c÷b,a＋b＋c,a×b×c,a÷(bc),0,割り算の入れ替えの基本,式変形
674,数学,3,三角形の外心はどんな点？,3辺の垂直二等分線の交点,3頂点の角の交点,最も高い点,中心の真横,0,外接円の中心になる,図形
675,数学,3,統計で「最頻値」とは？,最も多い値,最小の値,平均値の2倍,並べた時の中間,0,モードとも呼ぶ,統計
676,数学,1,数直線で左ほどどうなる？,小さい数,大きい数,奇数,負の数だけ,0,順序関係の基本,数
677,数学,1,角度の「直角」はどの定規に多い？,三角定規,分度器,物差し,円定規,0,三角形の特徴,図形
678,数学,2,長方形の周の長さは？,2×(縦＋横),縦×横,縦＋横÷2,縦×2,0,公式の基本,図形
679,数学,2,比例関係の例は？,歩く時間と距離,体重と血液型,味と色,年齢と曜日,0,直線的に増える,関数
680,数学,2,立体の「体積」とは何を表す？,中身の大きさ,表面の長さ,角の数,影の形,0,中を満たす量のこと,図形
681,数学,1,直線が交わる点を何という？,交点,中心,端点,中点,0,線と線がぶつかる場所,図形
682,数学,1,5の倍数の特徴は？,末尾が5か0,必ず奇数,必ず小数,3の倍数,0,10進法の特徴,数
683,数学,1,四角形の対角線は何本？,2本,1本,3本,4本,0,向かい同士を結ぶ線,図形
684,数学,1,3.5の整数部分は？,3,4,0,5,0,小数点より左側,数
685,数学,2,三角形の外接円の中心は？,外心,内心,重心,垂心,0,3辺の垂直二等分線の交点,図形
686,数学,2,数の「約数」とは？,割り切れる数,割り切れない数,必ず偶数,必ず奇数,0,"12なら1、2,3,4,6,12",数
687,数学,2,1/8は0.125、では1/4は？,0.25,0.5,0.75,0.125,0,分数の基礎,数
688,数学,2,線対称な図形で折り目に当たる線は？,対称の軸,垂線,接線,補助線,0,左右が鏡映し,図形
689,数学,2,比例の式 y = ax で「a」は何？,比例定数,切片,角度,最大値,0,直線の傾きにもなる,関数
690,数学,2,四角形の面の数は？,1,2,4,6,0,2D図形なので面は1つ,図形
691,数学,3,標本調査とは何？,一部を調べ全体を推測,全員調査,無作為に選ばない調査,平均値の計算,0,統計の代表的な方法,統計
692,数学,3,対数 log₁₀100 の値は？,2,3,10,0,0,10²=100 だから,指数
693,数学,3,ベクトルとは何の組み合わせ？,向きと大きさ,長さと色,質量と温度,形と面積,0,矢印で表す量,図形
694,数学,3,負の数を2乗すると？,正の数,負の数,0になる,無限になる,0,マイナス×マイナスの性質,数
695,数学,1,10より1つ小さい数は？,9,8,0,11,0,前後関係の基本,数
696,数学,1,この中で長さの単位で一番小さいのは？,mm,cm,m,km,0,ミリメートルのこと,単位
697,数学,2,台形の特徴は？,平行な辺が1組,辺が全て等しい,角が全て90度,点対称になる,0,上底と下底,図形
698,数学,2,2進法の1桁は何種類？,2種類,10種類,8種類,4種類,0,0と1だけ,数
699,数学,2,縦3cm横4cmの長方形の対角線の長さは？,5cm,6cm,7cm,4.5cm,0,3-4-5の性質,図形
700,数学,3,方程式 ax+b=0 の解は？,-b/a,a/b,-ab,a+b,0,中学数学で最初に習う形,方程式
701,スポーツ,1,サッカーは1チーム何人でプレーする？,11人,7人,5人,9人,0,ゴールキーパー含む人数,スポーツ
702,スポーツ,1,バスケットボールの得点で1番高いのは？,3点,2点,1点,4点,0,3Pシュートのこと,スポーツ
703,スポーツ,1,野球でバッターが立つ場所は？,バッターボックス,セカンド,ベンチ,ランナーゾーン,0,ホームベースの横,スポーツ
704,スポーツ,1,卓球で使う道具はどれ？,ラケット,スティック,バット,パドル,0,日本ではラケットと呼ぶ,スポーツ
705,スポーツ,2,テニスでサーブが相手コートに入らないことを何という？,フォルト,アウト,レット,ミスショット,0,2回連続で失敗すると失点,スポーツ
706,スポーツ,2,バドミントンのシャトルはどんな形？,羽根つき,球形,四角形,円盤形,0,飛び方が独特,スポーツ
707,スポーツ,2,バレーでサーブを受ける最初のプレーは？,レシーブ,ブロック,スパイク,セット,0,守備の基本動作,スポーツ
708,スポーツ,2,マラソンの距離はおよそ何km？,約42km,約30km,約20km,約50km,0,正式には42.195km,スポーツ
709,スポーツ,2,ゴルフで1ホールを基準打数で回ることを何という？,パー,ボギー,バーディ,イーグル,0,基準スコアのこと,スポーツ
710,スポーツ,2,サッカーでボールを手で触ってよいのは？,ゴールキーパー,キャプテン,センターバック,全員,0,ペナルティエリア内に限る,スポーツ
711,スポーツ,3,陸上競技の「トラック種目」に含まれるのは？,短距離走,砲丸投げ,走り高跳び,三段跳び,0,円形コースを走る種目,スポーツ
712,スポーツ,3,野球でピッチャーが投げたボールが捕手に届かない暴投は？,ワイルドピッチ,ストレート,バントミス,デッドボール,0,ランナーが進塁しやすい,スポーツ
713,スポーツ,3,柔道の最高得点の技は？,一本,技あり,有効,抑え込み,0,試合が即終了する,スポーツ
714,スポーツ,3,バスケットボールでボール運びに関係する違反は？,トラベリング,キックイン,ゴールセーブ,タックル,0,歩きすぎは反則,スポーツ
715,スポーツ,3,サッカーで相手選手をつかむ行為は？,ファウル,スローイン,オフサイド,キックイン,0,反則で相手ボールになる,スポーツ
716,スポーツ,1,バレーでネット越しに高く打ちつける攻撃は？,スパイク,レシーブ,ブロック,カット,0,代表的な決定打,スポーツ
717,スポーツ,1,バスケットボールの試合開始時のジャンプは？,ジャンプボール,スローオフ,キックオフ,ハイスタート,0,審判がボールを上げる,スポーツ
718,スポーツ,2,ラグビーで点を取るためにラインを越える行為は？,トライ,タッチ,クリア,スロー,0,5点が入る得点行動,スポーツ
719,スポーツ,2,テニスで0点を何と呼ぶ？,ラブ,ゼロ,ノーポイント,ブレイク,0,独特な呼び方,スポーツ
720,スポーツ,2,陸上のリレーでバトンを受け渡す区間は？,バトンゾーン,フリーレーン,ミドルライン,ステップゾーン,0,決められた範囲内のみ,スポーツ
721,スポーツ,1,陸上競技で「短距離走」と呼ばれる距離は？,100mなど,800m,1500m,5000m,0,爆発的スピードの種目,陸上
722,スポーツ,1,バドミントンのコート中央にあるものは？,ネット,バー,フェンス,ポール,0,上を越して返す競技,バドミントン
723,スポーツ,1,野球でアウトを取る方法の1つは？,三振,キック,ヘディング,タッチダウン,0,投球で打者がアウト,野球
724,スポーツ,1,テニスで相手の打球がラインを越えることを何という？,アウト,フォルト,リターン,ノック,0,インかアウトかで判定,テニス
725,スポーツ,2,バスケでシュートされたボールに関する反則は？,ゴールテンディング,ダブルドリブル,トラベリング,スローイング,0,シュートの妨害行為,バスケ
726,スポーツ,2,サッカーの試合時間は前後半合わせて？,90分,60分,70分,100分,0,追加時間は別,サッカー
727,スポーツ,2,バレーでサーブがネットに当たらず直接インした時は？,サービスエース,ジャンプイン,ネットプレー,クリーンポイント,0,相手が触れずに得点,バレー
728,スポーツ,2,スキーで雪の斜面を滑り降りる競技を何という？,アルペン,ノルディック,カーリング,ジャンプ,0,スピードと技術,スキー
729,スポーツ,2,陸上の走り幅跳びで重要なのは？,助走のスピード,体重,背の高さ,風向き無関係,0,最後の踏切と飛距離,陸上
730,スポーツ,2,ゴルフでグリーン上で使うクラブは？,パター,アイアン,ドライバー,ウェッジ,0,細かいコントロールに使用,ゴルフ
731,スポーツ,3,テニスの「デュース」とは？,40-40,30-30,相手のミス,セット終了,0,勝負が拮抗した状態,テニス
732,スポーツ,3,柔道で相手を抑え込む技術を何という？,抑え込み技,回し打ち,スウィープ,ローリング,0,一定時間で得点,柔道
733,スポーツ,3,バレーボールのローテーションはいつ行われる？,相手サーブから得点時,ミスの時,サーブを失敗した時,ラリー終了時,0,サーブ権が移った時,バレー
734,スポーツ,3,サッカーのオフサイドの条件は？,相手陣で最後尾DFより前,自陣でボールを持つ,キーパーがいない,スローイン時,0,位置・タイミングのルール,サッカー
735,スポーツ,3,野球の「満塁」とは？,全ての塁に走者がいる,塁が消える,投手が3人いる,打者が3人続く,0,どの塁にもランナー,野球
736,スポーツ,1,水泳の代表的な泳ぎ方は？,クロール,スワイム投げ,ウェーブ走,アクアステップ,0,最も速い泳法,水泳
737,スポーツ,1,ハードル走で倒してよいものは？,ハードル,スタート台,ゴール板,レーン,0,わざと倒すと失格にはならない,陸上
738,スポーツ,2,卓球のサーブは何回続けて行う？,2回,1回,3回,5回,0,その後は交代,卓球
739,スポーツ,2,体操競技で床の演技を行うエリアは？,マット,エリアリング,トラック,ピット,0,跳ねる床で演技,体操
740,スポーツ,2,スケートの氷上で回転する技は一般に何と呼ばれる？,スピン,スロー,キック,スライド,0,フィギュア競技の代表技,スケート
741,スポーツ,1,バスケットボールのコートにある円の名前は？,センターサークル,ラウンドポイント,ボールサークル,リングライン,0,試合開始の場所,バスケ
742,スポーツ,1,サッカーでボールを外に出した後の再開は？,スローイン,リターン,ヘッドイン,ラウンド,0,手で投げ入れる,サッカー
743,スポーツ,1,バレーボールのネット越しに打つ守備技は？,ブロック,パス,サーブ,クリア,0,相手の攻撃を止める,バレー
744,スポーツ,1,野球のホームベースは何角形？,五角形,三角形,六角形,四角形,0,特徴的な形状,野球
745,スポーツ,2,テニスでラリー中にバウンドするのは何回まで？,1回,2回,3回,回数無制限,0,1度以上は返球不可,テニス
746,スポーツ,2,バドミントンでサーブはどこから打つ？,腰より下,肩より上,後ろ足から,ネット近く,0,独特のルール,バドミントン
747,スポーツ,2,サッカーのPKは何メートルから蹴る？,約11m,約5m,約15m,約20m,0,ゴールとの距離,サッカー
748,スポーツ,2,陸上の走り高跳びで飛び越える棒は？,バー,ポール,ライン,ロッド,0,高さを競う種目,陸上
749,スポーツ,2,卓球でネットに当たって入り直すサーブは？,レット,フォールト,ノーカウント,リスタート,0,やり直しルール,卓球
750,スポーツ,2,ラグビーでボールを後ろにしかパスできない理由は？,ルール上前は禁止,危険だから,風の影響,審判の指示,0,独特の進行方式,ラグビー
751,スポーツ,3,バスケットボールで24秒以内にしないといけない行動は？,シュート,パス,ドリブル,タイムアウト,0,攻撃制限のルール,バスケ
752,スポーツ,3,柔道の階級は何によって分けられる？,体重,身長,年齢,試合数,0,均等な試合のため,柔道
753,スポーツ,3,バレーボールで後衛の選手が前衛ラインより前でアタックすると？,反則,通常プレー,点が倍,サーブ権得る,0,ポジションルール,バレー
754,スポーツ,3,野球の守備で「ダブルプレー」とは？,2アウトを同時に取る,2人で守る,2回ミスする,2本のバットを使う,0,試合の流れが変わる,野球
755,スポーツ,3,テニスでポイント「40-40」から勝つには？,2ポイント連続,1ポイントのみ,サーブを変える,時間を使う,0,デュースからのルール,テニス
756,スポーツ,1,陸上でスタートの合図に使うものは？,ピストル,ベル,旗,ライト,0,音の合図,陸上
757,スポーツ,1,水泳の背泳ぎはどの向きで泳ぐ？,仰向け,うつ伏せ,横向き,立ち泳ぎ,0,背中を上にして泳ぐ,水泳
758,スポーツ,2,スキーのジャンプ台から飛ぶ競技は？,スキージャンプ,スキースロープ,スキーラン,スキーバランス,0,飛距離と姿勢を競う,スキー
759,スポーツ,2,バスケットボールのフリースローは何点？,1点,2点,3点,4点,0,ファウルの後に与えられる,バスケ
760,スポーツ,2,サッカーでゴールの枠に当たる場所は？,ポスト,ゲート,スティック,バーリング,0,ボールが跳ね返ることも,サッカー
761,スポーツ,1,水泳の平泳ぎで特徴的な動きは？,カエル足,バタ足,ドルフィンキック,サイドキック,0,足の動きがポイント,水泳
762,スポーツ,1,陸上の「ハンマー投げ」で使う器具は？,球とワイヤー,重い棒,ゴムボール,木の円盤,0,回転して投げる,陸上
763,スポーツ,1,バスケットボールのリングの高さは？,約3m,約2m,約4m,約5m,0,世界共通の高さ,バスケ
764,スポーツ,1,野球で「フォアボール」を得る条件は？,4球のボール,3球のボール,5球のボール,デッドボール後,0,四球で一塁へ進む,野球
765,スポーツ,2,テニスで相手コートに強く低く打ち込む球種は？,ドライブ,カット,ロブ,ドロップ,0,スピンがかかる,テニス
766,スポーツ,2,サッカーで相手の足に危険なタックルをすると？,ファウル,アドバンテージ,コーナー,スロー,0,危険行為として扱われる,サッカー
767,スポーツ,2,バレーボールの「ツーアタック」とは？,セッターの攻撃,サーブ2回,守備2人,前衛入れ替え,0,意表を突く攻撃法,バレー
768,スポーツ,2,バドミントンの1ゲームは何点先取？,21点,15点,30点,11点,0,デュースあり,バドミントン
769,スポーツ,2,陸上400m走はどんな種目？,中距離寄りの短距離,長距離,超長距離,障害走,0,スピードと持久力の両方必要,陸上
770,スポーツ,2,ラグビーでタッチラインの外に出たボールの再開は？,ラインアウト,パスアウト,スローフィード,オーバースロー,0,列を組んで再開,ラグビー
771,スポーツ,3,ゴルフの「バンカー」は何のため？,障害物,休憩場所,観客席,距離計測,0,砂地のエリア,ゴルフ
772,スポーツ,3,フィギュアスケートで空中で回転する技は？,ジャンプ,スピン,ステップ,ターン,0,種類ごとに回転数が違う,スケート
773,スポーツ,3,ボクシングでラウンド間の休息時間は？,1分,30秒,2分,10秒,0,選手の回復時間,ボクシング
774,スポーツ,3,陸上リレーでバトンを落とした場合は？,拾って続行可,即失格,タイム半減,次走者が代わる,0,ルール内なら続行可能,陸上
775,スポーツ,3,バスケの「3秒ルール」とは？,制限区域に長く居続けてはいけない,3回連続でパス不可,3歩以上歩けない,3人で囲むと反則,0,インサイドでの時間制限,バスケ
776,スポーツ,1,卓球でネットの高さは？,15.25cm,30cm,10cm,25cm,0,細かく規定されている,卓球
777,スポーツ,1,サッカーのコーナーキックはどこから行う？,コーナーアーク,ゴール前,中央サークル,タッチライン中央,0,四隅の弧から,サッカー
778,スポーツ,2,スキーのクロスカントリーはどんな競技？,長距離滑走,空中回転,急斜面で滑る,雪玉を投げる,0,体力と持久力の勝負,スキー
779,スポーツ,2,野球の「犠牲フライ」に必要な条件は？,走者が進塁,必ず外野に飛ぶ,捕球前に走る,ランナーが3人,0,アウトでも得点できる打球,野球
780,スポーツ,2,テニスの「ブレイク」とは？,相手のサービスゲームを取る,自分でミスする,タイブレーク突入,セットが終わる,0,展開が変わる重要プレー,テニス
781,スポーツ,1,サッカーの試合開始時に行うのは？,キックオフ,スローイン,コーナー,フリーキック,0,中央から開始,サッカー
782,スポーツ,1,野球で一塁へ走る方向は？,右から左へ,左から右へ,前から後ろへ,後ろから前へ,0,打ったら左方向へ走る,野球
783,スポーツ,1,バスケットボールのボードを叩いて入るシュートは？,バックボードシュート,スマッシュ,タッチシュート,ランシュート,0,角度を使う,バスケ
784,スポーツ,1,水泳でうつ伏せになって手足を交互に動かす泳法は？,クロール,平泳ぎ,背泳ぎ,バタフライ,0,最も速い泳ぎ方,水泳
785,スポーツ,2,テニスで高く上げて相手の頭上を越す球は？,ロブ,ドライブ,カット,スマッシュ,0,守備でも使える,テニス
786,スポーツ,2,サッカーで相手に当たって相手のゴールラインを出た場合の再開は？,コーナーキック,スローイン,PK,ハーフラインキック,0,攻撃側のチャンス,サッカー
787,スポーツ,2,陸上の「三段跳び」は何回踏み切る？,3回,2回,1回,4回,0,ホップ・ステップ・ジャンプ,陸上
788,スポーツ,2,バドミントンで試合中に使う羽根を何という？,シャトル,バード,スピア,フライヤー,0,正式名称はシャトルコック,バドミントン
789,スポーツ,2,野球の「盗塁」とは？,走者が次の塁を狙う,打者がボールを盗む,守備がボールを隠す,投手が退場する,0,タイミングが勝負,野球
790,スポーツ,2,バレーで味方のスパイクを打ちやすく上げる技は？,トス,キャッチ,パス,セットブロック,0,セッターの役目,バレー
791,スポーツ,3,マラソンで一定のペースを刻む先導選手は？,ペースメーカー,リーダー,トラッカー,ガイド,0,途中で離脱することも,陸上
792,スポーツ,3,卓球で回転の強い下回転は球がどうなる？,落ちやすい,上がりやすい,曲がりやすい,止まりやすい,0,カットボールの特徴,卓球
793,スポーツ,3,テニスのタイブレークは何点先取？,7点,5点,10点,4点,0,2点差が必要,テニス
794,スポーツ,3,バレーボールのリベロはどんな役割？,守備専門,攻撃専門,サーブ専門,交代禁止,0,色の違うユニフォーム,バレー
795,スポーツ,3,野球の「内野フライ」はランナーはどうなる？,進めない,必ず進む,全員アウト,自由に動ける,0,インフィールドフライとは別,野球
796,スポーツ,1,サッカーのGKが守るゴールの幅は？,約7.3m,約5m,約10m,約3m,0,国際基準,サッカー
797,スポーツ,1,バスケットの試合は何対何で行う？,5対5,7対7,6対6,3対3,0,3×3は別競技,バスケ
798,スポーツ,2,陸上110mハードルの特徴は？,男子の距離,女子より高い,横幅が広い,ゴールが低い,0,短距離で障害あり,陸上
799,スポーツ,2,フィギュアスケートの採点で重要なのは？,技術点と演技点,タイム,距離,得投稿数,0,総合力で評価される,スケート
800,スポーツ,2,ゴルフでパーより2打少ないスコアは？,イーグル,バーディ,アルバトロス,ボギー,0,高スコアの一つ,ゴルフ
801,サブカル,1,RPGの正式名称は？,ロールプレイングゲーム,リアルプレイゲーム,ランダムプレイゲーム,リミテッドプレイゲーム,0,冒険や成長がテーマ,ゲーム
802,サブカル,1,アニメ制作でキャラの口パクと声を合わせる作業は？,アフレコ,ライブ録音,ミキシング,ロケ録音,0,声優がスタジオで演じる,アニメ
803,サブカル,1,漫画を描く時に使う黒いインクのことを何という？,墨汁,トーン,カーボン,コーティング,0,ペン入れに使用,漫画
804,サブカル,1,ゲームで複数人が同時に遊べることを何という？,マルチプレイ,ソロプレイ,ランダムプレイ,ボスプレイ,0,協力や対戦が可能,ゲーム
805,サブカル,2,アニメの背景を描く専門スタッフを何と呼ぶ？,背景美術,背景監督,シーンデザイナー,彩色スタッフ,0,世界観の雰囲気を作る,アニメ
806,サブカル,2,ゲームでキャラの動きを滑らかにする技術は？,アニメーション,プロジェクション,スケーリング,バウンディング,0,1秒に複数枚の画像,ゲーム
807,サブカル,2,漫画のフキダシで「叫び声」によく使われる形は？,ギザギザ,丸,四角,雲形,0,強調表現,漫画
808,サブカル,2,ゲーム音楽の制作を担う役職は？,サウンドクリエイター,アニメーター,シナリオライター,テスター,0,効果音も作る,ゲーム
809,サブカル,2,アニメでキャラの色指定を行う作業は？,色指定・仕上げ,線画指定,動き指定,音割り,0,配色を決める工程,アニメ
810,サブカル,2,ゲームにおける「NPC」とは？,プレイヤーでないキャラ,敵専用キャラ,スコア担当,隠しプレイヤー,0,世界に存在する住人など,ゲーム
811,サブカル,3,アニメ制作の動きの基準となる絵を何という？,原画,下書き,背景画,完成画,0,中割りの元になる絵,アニメ
812,サブカル,3,ゲームにおける「AI」の役割は？,敵や味方の行動制御,背景の描画,音声の録音,セーブの保存,0,自然な挙動を作る,ゲーム
813,サブカル,3,漫画の「トーン」はどんな役割？,影や質感の表現,台詞の補助,効果音の記録,色指定の代わり,0,貼り付ける柄素材,漫画
814,サブカル,3,アニメで1秒あたりのコマ数が少ないとどうなる？,カクつく,速く見える,音が遅れる,色が変わる,0,作画枚数に影響,アニメ
815,サブカル,1,ゲームで操作キャラクターの視点を変えることを？,カメラ操作,スキル操作,テキスト操作,ダメージ操作,0,視界を調整する,ゲーム
816,サブカル,1,アニメで主題歌を流す部分は？,オープニング,エピソード,アフレコ,クリンナップ,0,作品の顔となる部分,アニメ
817,サブカル,2,ゲーム制作でバグを見つける工程は？,テストプレイ,レベルデザイン,サウンド編集,プランニング,0,品質に重要,ゲーム
818,サブカル,2,漫画の「コマ割り」が変わると何が影響する？,読みやすさ,声優,印刷方法,ページ数,0,テンポや演出に関係,漫画
819,サブカル,3,アニメの「作画崩壊」とは？,キャラの絵が不自然になる,音が変わる,背景が消える,声が遅れる,0,制作の負荷などが原因,アニメ
820,サブカル,3,ゲームでランダム要素を決める仕組みは？,乱数,手動操作,グラフィック処理,音声合成,0,ガチャなどにも使われる,ゲーム
821,サブカル,1,アニメでキャラが小さくまとめて描かれる表現は？,デフォルメ,リアル化,モデリング,スムージング,0,かわいく表す技法,アニメ
822,サブカル,1,ゲームでプレイヤーが選ぶ操作キャラを何と呼ぶ？,プレイヤーキャラ,サブキャラ,AIキャラ,システムキャラ,0,主人公とは限らない,ゲーム
823,サブカル,1,漫画で効果音を文字で表すことを何という？,擬音,口述,写植,字幕,0,ドン！バン！など,漫画
824,サブカル,1,アニメで声優が声を入れる前の映像を何という？,仮映像,ベースムービー,イントロ映像,ライトムービー,0,アフレコ前の素材,アニメ
825,サブカル,2,ゲームのUIでよく使われる「HP」の意味は？,体力,速度,時間,敵数,0,ヒットポイントの略,ゲーム
826,サブカル,2,漫画でページに大きく配置された絵は？,見開き,細割り,段落絵,背表紙絵,0,迫力を出す演出,漫画
827,サブカル,2,アニメの背景が止まって見える省力化技法は？,止め絵,固め絵,凍結絵,ステップ絵,0,省エネ作画でよく使う,アニメ
828,サブカル,2,ゲームの難易度設定で一番易しいことが多いのは？,イージー,ノーマル,ハード,マスター,0,初心者向けの設定,ゲーム
829,サブカル,2,キャラの外見を作る設定資料を何と呼ぶ？,設定画,完成画,最終原稿,加工画,0,色指定の基準にもなる,アニメ
830,サブカル,2,アニメでキャラが走るシーンによく使われる背景技法は？,流線背景,多角背景,時間背景,固定背景,0,スピード感を演出,アニメ
831,サブカル,3,ゲームの「フラグ管理」とは？,条件の管理,敵の配置,音の調整,画質調整,0,分岐やイベントに重要,ゲーム
832,サブカル,3,漫画で「間」を生み出すために使われる技法は？,コマの空白,色の濃淡,セリフの強調,枠線の太さ,0,静かな演出に使う,漫画
833,サブカル,3,アニメでキャラの線が揺れるように見えるのは？,リミテッド作画,倍速作画,リアルブラー,線分補間,0,コマ数を省いた動き,アニメ
834,サブカル,3,ゲームの「クールタイム」とは？,次に使えるまでの待ち時間,敵が強くなる時間,セリフが変わる時間,画面が止まる時間,0,スキル調整の基本,ゲーム
835,サブカル,1,アニメの本編制作前に作られる短い試作映像は？,パイロット版,素材試写,仮テイク,ショートラフ,0,方向性の確認用,アニメ
836,サブカル,1,ゲームで敵キャラの基地や最終エリアを何と呼ぶ？,ラスボスエリア,スタート基地,チェックポイント,ロビーポイント,0,最終決戦の場所,ゲーム
837,サブカル,2,同じキャラの表情差分を管理する素材を何と呼ぶ？,フェイスパーツ,基本素材,合成素材,共通ライン,0,ノベルゲームなどで使う,ゲーム
838,サブカル,2,漫画原稿を仕上げる際に白い修正液で塗る作業は？,ホワイト,クリアリング,コート塗り,整線,0,ミス修正の定番,漫画
839,サブカル,2,アニメの「中割り」とは？,原画と原画の間の絵,背景を作る絵,完成版の絵,音に合わせる絵,0,動きを滑らかにする,アニメ
840,サブカル,3,ゲームの「レベルデザイン」とは？,ステージ構成を作る作業,敵を全部強くする作業,音を調整する作業,絵を描く作業,0,遊びの流れを決める重要工程,ゲーム
841,サブカル,1,ゲームで敵を倒しながら進むジャンルは？,アクション,リズム,放置,シミュレーション,0,タイミングが重要,ゲーム
842,サブカル,1,アニメでキャラの髪が風で揺れる描写を何という？,なびき,影絵,軌道線,トレス,0,動きを強調する演出,アニメ
843,サブカル,1,漫画で感情を表す「汗のしずく」記号は何を示す？,困惑,怒り,喜び,悲しみ,0,よく使われる表情記号,漫画
844,サブカル,1,ゲームの設定で「セーブ」とは？,進行を記録する,難易度を変える,敵を増やす,速度を変える,0,再開に必要な機能,ゲーム
845,サブカル,2,アニメの「作監」とはどんな役職？,作画監督,音響監督,背景監督,進行監督,0,絵の品質を管理する,アニメ
846,サブカル,2,ゲームで「ジャンプキャンセル」と呼ばれる行動は？,一部モーションの省略,空中で休む,必ず失敗する,止まる操作,0,格闘ゲームで多用,ゲーム
847,サブカル,2,漫画の吹き出しで心の声に使われる形は？,雲形,ギザギザ,丸,三角,0,モノローグ用,漫画
848,サブカル,2,アニメ業界で「スケジュール崩壊」とは？,締切に間に合わない,台本が無い,声優不在,スタジオが無い,0,制作の遅延,アニメ
849,サブカル,2,ゲームで「操作遅延」が起きるとどう感じる？,反応が遅い,音が大きい,色が薄い,敵が弱い,0,アクションゲームで致命的,ゲーム
850,サブカル,2,漫画で擬態語（ドキドキ・ワクワクなど）を何という？,オノマトペ,ラフワーク,シーンタグ,フィルド音,0,感情を表す言葉,漫画
851,サブカル,3,アニメの「タイムシート」とは？,動きと音を記した表,脚本のコピー,キャラ設定集,カメラ配置図,0,秒数管理のための表,アニメ
852,サブカル,3,ゲームの「バランス調整」で重要なのは？,強さの偏りをなくす,色を明るくする,音量を上げる,画質を下げる,0,公平な遊び心地にする,ゲーム
853,サブカル,3,漫画の「ベタ塗り」とは？,黒一色で塗る,色を混ぜる,線を消す,背景を描く,0,インクで影や黒面を描く技法,漫画
854,サブカル,3,アニメの中割り枚数が少ないとどう見える？,カクカクする,速くなる,色が変わる,音が遅れる,0,作画コストとの関係,アニメ
855,サブカル,1,ゲームのタイトル画面でよく表示されるのは？,スタートボタン,エンディング,ラスボス画面,状態異常表,0,最初に押すもの,ゲーム
856,サブカル,1,漫画のコマを区切る線は？,枠線,補助線,効果線,再現線,0,ページ構成に欠かせない,漫画
857,サブカル,2,アニメの「影付け」で重要なのは？,光源の位置,キャラの年齢,声優の名前,シーンの長さ,0,明暗で立体感を出す,アニメ
858,サブカル,2,ゲームの「モーションキャプチャー」は何に使う？,リアルな動きの再現,声を録音,背景を作る,音を調整,0,俳優の動作を記録,ゲーム
859,サブカル,2,漫画でスピード感を演出する線は？,集中線,区切り線,対称線,背景線,0,アクションに多用される,漫画
860,サブカル,3,アニメ編集で映像と音を合わせる作業は？,アフター編集,原画整理,分割処理,レイアウト調整,0,完成に向けた最終工程,アニメ
861,サブカル,1,ゲームでチュートリアルが担う役割は？,操作説明,声優紹介,課金案内,背景説明のみ,0,最初に学ぶ基本操作,ゲーム
862,サブカル,1,アニメで「止め絵」が使われる理由は？,省エネ作画,風景重視,音重視,立体化,0,動かさず魅せる技法,アニメ
863,サブカル,1,漫画の集中線はどんな時に使う？,強調したい時,声を出す時,ページを閉じる時,丁寧に描く時,0,視線誘導にも使われる,漫画
864,サブカル,1,ゲームで「アイテム枠」がいっぱいの時は？,持てない,強くなる,動けない,敵が増える,0,インベントリの制限,ゲーム
865,サブカル,2,アニメの「原画マン」の仕事は？,動きの要となる絵を描く,色を塗る,背景を作る,音の編集をする,0,アクションの核になる画,アニメ
866,サブカル,2,漫画でシーンの時間経過を表すのに使うのは？,コマ割り,背景線,文字大きさ,黒塗り,0,演出に不可欠,漫画
867,サブカル,2,ゲームの「デバッグ」とは？,バグを見つける作業,色を変える作業,曲を作る作業,操作説明を描く作業,0,品質チェックの中心,ゲーム
868,サブカル,2,アニメの「撮影」とは何を行う工程？,レイヤー合成,キャラ作画,声優指示,脚本直し,0,デジタル合成作業,アニメ
869,サブカル,2,ゲームで「クエスト」とは？,任務や目的,対戦相手,セーブ場所,音量の設定,0,ストーリー進行に必須,ゲーム
870,サブカル,2,漫画の写植作業とは何をする？,文字を入れる,線を消す,色を足す,背景を削る,0,セリフや効果文字を入れる工程,漫画
871,サブカル,3,アニメで「作画密度が高い」とは？,細かい描写が多い,音が大きい,色が暗い,キャラが少ない,0,労力も増える,アニメ
872,サブカル,3,ゲームの「ランダム生成」とは？,毎回違うマップを作る,音を自動変更,画面を明るくする,キャラ数を増やす,0,ローグライクなどで使用,ゲーム
873,サブカル,3,漫画で「ベタ→トーン→仕上げ」の順番は？,影→質感→最終処理,色→線→音,背景→音→塗り,線→背景→影,0,原稿完成の流れ,漫画
874,サブカル,3,アニメの「レイアウト」とは？,カメラ位置と構図を決める,背景を塗る,音量を調整する,セリフを増やす,0,画面作りの基礎工程,アニメ
875,サブカル,1,ゲームで「ジャンプボタン」を押すと？,キャラが跳ぶ,色が変わる,音が止まる,視点が反転する,0,基本アクションの1つ,ゲーム
876,サブカル,1,漫画の効果線が放射状に出ている演出は？,集中線,動線,反射線,背景線,0,迫力を出すための技法,漫画
877,サブカル,2,アニメの「色トレス」とは？,輪郭線を色に合わせる,背景色を固定する,原画を増やす,音声に色をつける,0,柔らかい印象を与える,アニメ
878,サブカル,2,ゲームの「ヒット判定」は何に使う？,当たりの判定,音の調整,速度の決定,画面効果,0,攻撃や衝突時に必須,ゲーム
879,サブカル,2,漫画で読者の視線を誘導するために使う技法は？,コマ運び,筆圧,影太さ,台詞順番,0,読みやすさの基本,漫画
880,サブカル,3,アニメ編集で画面の揺れやズームを付けるのは？,演出効果,作画崩壊修正,声の補完,台本整理,0,臨場感を出すための技法,アニメ
881,サブカル,1,ゲームで「HPが0になる」とどうなる？,敗北する,レベルが上がる,味方が増える,視点が変わる,0,体力が尽きた状態,ゲーム
882,サブカル,1,アニメで泣きそうなキャラの目に浮かぶ小さな線は？,ハイライト,影線,集中線,軌道線,0,潤み表現,アニメ
883,サブカル,1,漫画で声の大きさを表現する手法は？,文字の大きさ,ページ数,上下反転,色トレス,0,叫びは大文字になることも,漫画
884,サブカル,1,ゲームで視点を自由に動かせる方式は？,フリーカメラ,オートカメラ,ミラーカメラ,シャドウカメラ,0,3Dゲームで多用,ゲーム
885,サブカル,2,アニメのキャラ原案を担当する職種は？,キャラクターデザイナー,動画マン,音響技師,編集マン,0,ビジュアルの基礎を作る,アニメ
886,サブカル,2,漫画の「トーン削り」は何をする作業？,質感を調整する,色を塗る,線を消す,ページを増やす,0,光沢や陰影表現に使う,漫画
887,サブカル,2,ゲームで「ステージギミック」とは？,仕掛けや動く装置,敵の動き,音声の種類,セーブ内容,0,攻略に影響する要素,ゲーム
888,サブカル,2,アニメでキャラの動きが滑らかになる理由は？,中割りが多い,声優が多い,色が濃い,影が薄い,0,1秒のコマ数が多いほど自然,アニメ
889,サブカル,2,漫画の「効果音で雰囲気を作る手法」は？,擬音演出,静音演出,背景演出,照明演出,0,ドンッ・ザワッなど,漫画
890,サブカル,2,ゲームの「ロード時間」は何をしている？,データ読み込み,画面固定,音声停止,自動プレイ準備,0,マップやモデルを準備,ゲーム
891,サブカル,3,アニメ制作でレイアウトに含まれる情報は？,構図・カメラ位置,声優指示,放送時間,スポンサー名,0,画面の基盤となる資料,アニメ
892,サブカル,3,漫画で「背景にスピード線を入れる」効果は？,動きを強調,静けさを表現,光を暗くする,音量を下げる,0,アクションの臨場感,漫画
893,サブカル,3,ゲームAIの「パスファインディング」とは？,移動経路の探索,色の最適化,音量調整,体力回復,0,道を探す処理,ゲーム
894,サブカル,3,アニメの「撮影工程」で行う合成とは？,レイヤーを重ねる,音を混ぜる,紙を貼る,色を混ぜる,0,デジタル編集の基本,アニメ
895,サブカル,1,ゲームの「ステージクリア」とは？,目標を達成する,操作不能になる,タイトルに戻る,敵が増える,0,次へ進める条件,ゲーム
896,サブカル,1,漫画でキャラの驚き表現に使われる記号は？,！,＋,＝,＊,0,気持ちを強調,漫画
897,サブカル,2,アニメの「原画チェック」で確認するのは？,動きと形,声の大きさ,放送枠,制作費,0,作画監督が品質を見る,アニメ
898,サブカル,2,ゲームの「ステータス画面」で見られる情報は？,能力値,声優名,背景美術,台本内容,0,強さを表示する画面,ゲーム
899,サブカル,2,漫画の「集中線」は通常どこから伸びる？,中心点,ページ端,吹き出し,外枠,0,目立たせたい対象から放射状,漫画
900,サブカル,3,アニメ編集で「カット割り」で決まるのは？,映像のつなぎ方,声優の人数,音量の高さ,制作会社,0,テンポを大きく左右する,アニメ
901,動物,1,地球で一番大きい動物は？,シロナガスクジラ,アフリカゾウ,カバ,マッコウクジラ,0,哺乳類最大,海
902,動物,1,ペンギンが住んでいる主な地域は？,南半球,北極,砂漠,熱帯雨林,0,寒さに強い鳥,鳥類
903,動物,1,キリンの首が長い理由は？,高い葉を食べるため,走るため,泳ぐため,寒さ対策,0,草食動物の適応,哺乳類
904,動物,1,ウサギの耳が長いのは何のため？,周囲の音を聞くため,飛ぶため,泳ぐため,光を集めるため,0,敵を察知しやすい,哺乳類
905,動物,2,イルカが仲間とコミュニケーションを取る方法は？,音波,匂い,光,体毛の動き,0,クリック音などを使う,海
906,動物,2,カメが甲羅に身を隠す理由は？,外敵から守るため,飛ぶため,光合成のため,体温調整,0,防御力の象徴,爬虫類
907,動物,2,コウモリが夜に飛べる理由は？,超音波を使う,目が異常に強い,体が発光する,風を読む,0,反響で位置を把握,哺乳類
908,動物,2,アリの働きアリが主にする仕事は？,巣作りや採集,卵を産む,冬眠だけ,飛ぶための準備,0,女王アリとは役割が違う,昆虫
909,動物,2,オスのライオンにたてがみがある理由は？,身を守るため,暑さ対策,泳ぐため,仲間識別,0,戦いで首を守る,哺乳類
910,動物,2,クマが冬眠する主な理由は？,食べ物が不足するから,暑いから,天敵が増えるから,日差しが弱いから,0,冬の生存戦略,哺乳類
911,動物,3,カメレオンが色を変える主な理由は？,体温調節や気分,光を反射するため,空を飛ぶため,敵を呼ぶため,0,擬態だけではない,爬虫類
912,動物,3,ハチが仲間に餌の場所を伝える方法は？,ダンス,鳴き声,色の変化,匂いの煙,0,方向と距離を教える,昆虫
913,動物,3,魚がエラで行っていることは？,水中の酸素を取り込む,体温調整,泳ぎ方の制御,繁殖,0,空気呼吸とは異なる方法,魚類
914,動物,3,ゾウが大きな耳を持つ主な理由は？,体温を下げるため,音を遮断するため,攻撃のため,食べるため,0,血管が多く熱を逃がす,哺乳類
915,動物,1,ニワトリが朝鳴く理由は？,縄張りを主張するため,腹が減るから,太陽を探すため,風を読むため,0,オスの習性,鳥類
916,動物,1,カエルが鳴くのは何のため？,仲間や異性を呼ぶ,飛ぶため,体を温める,敵を誘う,0,繁殖行動の一つ,両生類
917,動物,2,トカゲが尻尾を切る理由は？,敵から逃げるため,走るため,泳ぐため,声を出すため,0,再生できる種類もある,爬虫類
918,動物,2,クジラが潮を吹くのは？,息をするため,泳ぐため,光を反射,敵を呼ぶ,0,肺呼吸の証拠,海
919,動物,2,ラクダのこぶの中身は？,脂肪,水,空気,骨,0,必要な時にエネルギーに変わる,哺乳類
920,動物,3,ミツバチの女王が行うのはどんな役割？,産卵,巣の掃除,外敵撃退,餌を探す,0,群れの中心的役割,昆虫
921,動物,1,ネコが喉を鳴らす時の気分は？,安心している,怒っている,眠れない,お腹が空いている,0,リラックスのサイン,哺乳類
922,動物,1,パンダの主な食べ物は？,竹,肉,魚,果物,0,ほとんどがこれ,哺乳類
923,動物,1,コアラが長時間眠る理由は？,エサの栄養が少ない,夜行性だから,暑いから,羽を休めるため,0,ユーカリはエネルギーが低い,哺乳類
924,動物,1,カピバラが温泉に入る理由は？,体温調整,餌を探すため,鳴くため,泳ぐため,0,寒さをしのぐ行動,哺乳類
925,動物,2,ナマケモノがゆっくり動く理由は？,代謝が低い,筋肉が少ない,体重が重すぎる,視力が弱い,0,省エネで生きる,哺乳類
926,動物,2,タコの足は全部で何本？,8本,6本,10本,12本,0,無脊椎動物の代表,海
927,動物,2,シマウマの縞模様は何の役に立つ？,敵を惑わす,光を反射する,餌を集める,飛ぶため,0,群れでの保護色,哺乳類
928,動物,2,イルカが眠る時の特殊な方法は？,半球睡眠,宙で寝る,完全に沈む,止まって眠る,0,脳の半分だけ眠らせる,海
929,動物,2,カモノハシが珍しい理由は？,卵を産む哺乳類,空を飛ぶ哺乳類,鳴かない哺乳類,魚を食べない哺乳類,0,数少ない単孔類,哺乳類
930,動物,2,カラスが賢い理由は？,記憶力が高い,体が軽い,飛ぶのが速い,声が大きい,0,道具を使うこともある,鳥類
931,動物,3,ホッキョクグマの毛が白く見える理由は？,光の反射,白い色素,雪がついている,体温が低い,0,実は中が透明,哺乳類
932,動物,3,チーターが速く走れる理由は？,体が軽く柔軟,耳が大きい,泳ぎが得意,体毛が短い,0,加速が動物界トップクラス,哺乳類
933,動物,3,ムササビが滑空できる理由は？,皮膜がある,羽がある,毛が伸びる,骨が軽い,0,手足の間の膜を使う,哺乳類
934,動物,3,ペリカンが大きな口袋を持つ理由は？,魚をすくうため,威嚇のため,鳴くため,呼吸のため,0,狩りに最適な形状,鳥類
935,動物,1,カメが長生きしやすい理由は？,代謝がゆっくり,空を飛ぶ,常に動き続ける,大声で鳴く,0,省エネ体質,爬虫類
936,動物,1,アリが列になって歩く理由は？,匂いの道をたどる,風を読む,音を集める,光を見るため,0,フェロモンで道を共有,昆虫
937,動物,2,フクロウが夜行性の理由は？,聴力が優れている,足が速い,体が大きい,光る目を持つため,0,暗闇でも狩りが得意,鳥類
938,動物,2,クラゲに脳がないのに動けるのは？,神経網がある,肺が大きい,光を吸う,血液が濃い,0,単純な構造で反応,海
939,動物,2,ビーバーがダムを作る理由は？,安全な住まいのため,仲間を集めるため,音を響かせるため,敵を攻撃するため,0,巣作りのための工事,哺乳類
940,動物,3,ミミズが土を豊かにする理由は？,土を耕し栄養を混ぜる,体温で温める,葉を集める,光を反射する,0,自然界の分解者,無脊椎動物
941,動物,1,フラミンゴの体がピンク色になる理由は？,食べ物の成分,太陽光,土の色,羽が生まれつき,0,エサの色素が影響,鳥類
942,動物,1,ウシが反芻する理由は？,消化を助けるため,体温調整,縄張り確認,仲間呼び,0,草を何度も消化,哺乳類
943,動物,1,モグラが地中で暮らす理由は？,掘るのが得意,光が嫌い,鳴き声が大きい,翼がある,0,前足が強い掘削用,哺乳類
944,動物,1,イルカが群れで行動する目的は？,協力して狩りをするため,音を出すため,暗闇を歩くため,光合成のため,0,社会性が高い,海
945,動物,2,ミーアキャットが立ち上がる行動は何のため？,周りを見張るため,敵を呼ぶため,体温を下げるため,泳ぐ練習,0,警戒役が存在,哺乳類
946,動物,2,ラクダが砂漠で長く生きられる理由は？,水分を効率よく使う,走るのが速い,暗闇で光る,耳が大きい,0,節水の体質,哺乳類
947,動物,2,タツノオトシゴの特徴的な繁殖行動は？,オスが卵を育てる,メスだけが移動する,空気で育てる,卵を空へ飛ばす,0,珍しい育児方法,海
948,動物,2,ウミガメの子どもが海へ向かう理由は？,本能で海を目指す,音を聞くため,色を探すため,匂いを追うため,0,孵化後すぐ海へ,爬虫類
949,動物,2,キツネが夜に活動する理由は？,夜行性の習性,太陽が嫌い,音が聞こえない,汗をかきすぎる,0,暗闇での狩りに適応,哺乳類
950,動物,2,アリクイが舌を長く使う目的は？,巣穴から虫を取る,体を冷やす,仲間と話す,光るため,0,アリを吸い出すように食べる,哺乳類
951,動物,3,ハリネズミが体を丸める理由は？,刺で守るため,暖をとるため,卵を温めるため,飛ぶ練習,0,防御姿勢,哺乳類
952,動物,3,ペンギンが群れで密集するのは？,寒さをしのぐため,敵を呼ぶため,飛ぶ準備のため,海を乾かすため,0,互いの体温で保温,鳥類
953,動物,3,ナマケモノにコケが生える理由は？,動きが遅いから,色が濃いから,鳴かないから,翼があるから,0,湿気と静止が影響,哺乳類
954,動物,3,クラゲが刺すのは何のため？,捕食や防御,泳ぐため,光を集めるため,繁殖のため,0,毒針で捕まえる,海
955,動物,1,リスが木の上に巣を作る理由は？,敵から逃げるため,鳴くため,水を集めるため,体温調整のため,0,地上より安全,哺乳類
956,動物,1,ヤギが高い所に登るのが得意なのは？,足が丈夫だから,目が強いから,鳴き声が大きいから,羽があるから,0,岩場の生活に特化,哺乳類
957,動物,2,ヒトデが再生力を持つ理由は？,体の構造が単純,毒が強い,肺が発達,骨が硬い,0,腕の一部からでも再生,海
958,動物,2,ダチョウが飛べない理由は？,体が大きく重い,羽が無い,筋肉が弱い,骨が太い,0,代わりに走る能力が高い,鳥類
959,動物,2,ムカデが毒を持つ理由は？,獲物を捕まえるため,光るため,音を聞くため,体温を調整するため,0,咬むことで防御にも使う,昆虫
960,動物,3,サルが他の仲間の毛づくろいをする目的は？,社会的な絆を強める,虫を食べるため,音を立てるため,匂いを残すため,0,群れの関係を保つ行動,哺乳類
961,動物,1,フクロウがほぼ無音で飛べる理由は？,羽の形が特殊,体重が極端に軽い,足が長い,目が大きい,0,音を立てにくい構造,鳥類
962,動物,1,シロクマの皮膚の色は？,黒色,白色,灰色,透明,0,毛は透明だが皮膚は黒い,哺乳類
963,動物,1,コウノトリが長い足を持つ理由は？,浅瀬で歩きやすい,速く走るため,飛ぶため,敵から隠れるため,0,水辺の生活に適応,鳥類
964,動物,1,カエルの皮膚がしっとりしている理由は？,呼吸に使うため,光を反射するため,敵を寄せるため,足音を消すため,0,皮膚呼吸が可能,両生類
965,動物,2,アザラシが水中で長時間潜れる理由は？,酸素を体に蓄える,肺が4つある,心臓がとても大きい,骨が軽い,0,血液に多く蓄える性質,海
966,動物,2,ラッコが貝を割るときに使うものは？,石,歯,尾,ヒレ,0,お腹の上で石を使う,哺乳類
967,動物,2,ニホンザルが温泉に入る理由は？,体を温めるため,エサを探すため,仲間を呼ぶため,声を響かせるため,0,寒さ対策,哺乳類
968,動物,2,キツツキが木をつついても脳が揺れない理由は？,首と頭が衝撃に強い,羽が支える,骨が柔らかい,胃が支える,0,特殊な衝撃吸収構造,鳥類
969,動物,2,ハトが首を振りながら歩く理由は？,視界を安定させるため,音を拾うため,仲間を呼ぶため,餌を運ぶため,0,見え方を一定にする習性,鳥類
970,動物,2,タコが狭い隙間にも入れる理由は？,骨がない,耳がない,目が大きい,色が薄い,0,体がやわらかい,海
971,動物,3,カワウソが集団で遊ぶように見えるのは？,社会的な学習のため,縄張り争い,体温維持,飛ぶ練習,0,遊びは狩りの練習でもある,哺乳類
972,動物,3,ゾウの足音が小さい理由は？,足裏がクッション状,体重が軽い,足が細い,静かに歩く習性,0,分厚い脂肪層が吸収,哺乳類
973,動物,3,ヒョウが木の上に獲物を運ぶ理由は？,他の肉食動物に奪われないように,日差しを避けるため,眠るため,匂いを隠すため,0,安全確保のため,哺乳類
974,動物,3,コブラが首を広げる理由は？,威嚇,風を集めるため,声を出すため,体温を上げるため,0,敵を追い払う行動,爬虫類
975,動物,1,カモが水に浮く理由は？,羽に油がある,足が軽い,声が大きい,目が強い,0,水を弾く羽毛,鳥類
976,動物,1,ウマが走りながら眠ることがある理由は？,立ったまま眠れる,目を閉じない,体が軽い,翼がある,0,脚にロック機能がある,哺乳類
977,動物,2,ヒトコブラクダのこぶの主成分は？,脂肪,水,空気,毛,0,砂漠でのエネルギー源,哺乳類
978,動物,2,トビウオが水面を飛ぶように移動する理由は？,敵から逃げるため,餌を探すため,仲間を呼ぶため,速く泳ぐため,0,捕食者回避の手段,海
979,動物,2,シロアリの社会で女王の役割は？,卵を産み続ける,巣を掘る,巣を守る,外敵を追う,0,非常に長寿と大産卵数,昆虫
980,動物,3,トンボが空中で静止できる理由は？,羽を独立に動かせる,体が軽い,目が大きい,足が長い,0,4枚の羽を別々に動かす,昆虫
981,動物,1,シカのオスに生えるものは？,角,羽,ひれ,牙,0,毎年生え変わるものもある,哺乳類
982,動物,1,ペリカンが水面をすくうときに使うのは？,大きな口袋,長い爪,羽の根元,足の膜,0,特徴的な捕食法,鳥類
983,動物,1,ビーバーのしっぽの主な役割は？,バランスをとる,物を切る,音を出す,獲物を捕る,0,泳ぎの安定にも使う,哺乳類
984,動物,1,ヤドカリが殻を変える理由は？,成長に合わせる,音が鳴るから,光るため,仲間を呼ぶため,0,体の大きさに合わせる,海
985,動物,2,アシカとアザラシの大きな違いは？,耳の形,体の長さ,鳴き声,毛色,0,外耳の有無が特徴,海
986,動物,2,フラミンゴが片足で立つ理由は？,体温を保つため,飛ぶ準備,狩りの合図,目を休める,0,熱の放出を減らす工夫,鳥類
987,動物,2,カバが水辺で過ごす理由は？,体温を下げるため,エサを隠すため,夜行性のため,敵を避けるため,0,皮膚が乾燥に弱い,哺乳類
988,動物,2,チンパンジーが道具を使う理由は？,餌を効率よく取るため,縄張り主張,寒さ対策,音を響かせる,0,高度な知能行動,哺乳類
989,動物,2,フグが体を膨らませる目的は？,敵から身を守るため,浮くため,餌を探すため,声を大きくするため,0,防御反応,海
990,動物,2,コアラがユーカリを主食にできる理由は？,特別な消化能力,体温が高い,目が大きい,走るのが速い,0,毒性に耐える腸内環境,哺乳類
991,動物,3,イルカの超音波は何に使われる？,位置や距離の把握,体温調整,血流測定,天候予測,0,反響で周囲を調べる,海
992,動物,3,ツノメドリのカラフルなクチバシの役割は？,繁殖期のアピール,餌を挟むため,光を反射するため,敵を追い払うため,0,鮮やかな色は配偶行動,鳥類
993,動物,3,ホタルが光る仕組みは？,化学反応,摩擦熱,電気,血液の反射,0,生物発光の代表例,昆虫
994,動物,3,オオカミが遠吠えする理由は？,仲間との連絡,敵を呼ぶ,眠気覚まし,縄張り破壊,0,広範囲に伝わる声,哺乳類
995,動物,1,ブタの嗅覚が優れている理由は？,鼻が発達している,耳が大きい,体温が高い,目が小さい,0,地中の食べ物も探せる,哺乳類
996,動物,1,ペンギンが陸でヨチヨチ歩きなのは？,足が短いから,羽が重いから,視力が弱いから,鳴き声が大きいから,0,水中生活向きの体型,鳥類
997,動物,2,サメの皮膚がザラザラしている理由は？,小さなうろこがある,乾燥している,血流が少ない,色が濃い,0,泳ぐ時の抵抗を減らす,海
998,動物,2,シロアリが木を食べられる理由は？,腸内の微生物が分解する,強い歯を持つ,温度が高い,体が軽い,0,木の成分を消化できる特殊な仕組み,昆虫
999,動物,2,オットセイが泳ぐ時に主に使うのは？,前ヒレ,後ヒレ,尾,背中,0,アザラシとは泳ぎ方が違う,海
1000,動物,3,アリが巣全体で役割分担する理由は？,社会性が高い,体が小さい,寿命が短い,移動が多い,0,高度な集団行動,昆虫
1001,エンタメ,1,映画のエンドロールで最初に表示されやすいのは？,主要キャスト,撮影場所,協賛企業,予告映像,0,物語の中心人物,映画
1002,エンタメ,1,テレビ番組で収録前に観客を盛り上げる役割は？,前説,司会,編集,演出,0,お笑いライブなどでも行われる,テレビ
1003,エンタメ,1,ライブ会場で観客が一緒に歌うことを何という？,シンガロング,ジャンプ,アンコール,リピート,0,サビでよく起こる,音楽
1004,エンタメ,1,漫画やアニメの宣伝用短い映像は？,PV,ED,OP,SE,0,作品紹介の映像,アニメ
1005,エンタメ,2,映画館で音が立体的に聞こえる仕組みは？,サラウンド,モノラル,ステレオ固定,直線音響,0,複数方向から音が出る,映画
1006,エンタメ,2,舞台で背景や装置をまとめて何と呼ぶ？,舞台美術,小道具,衣装,照明,0,空間演出全体,舞台
1007,エンタメ,2,映画館で音が立体的に聞こえる仕組みは？,サラウンド,モノラル,ステレオ固定,直線音響,0,文字や色で演出,テレビ
1008,エンタメ,2,音楽で曲の一番印象に残りやすい部分は？,サビ,イントロ,アウトロ,間奏,0,繰り返される部分,音楽
1009,エンタメ,2,映画の撮影でカメラを手持ちで撮る手法は？,ハンディ撮影,固定撮影,合成撮影,逆光撮影,0,臨場感が出る,映画
1010,エンタメ,2,舞台公演で本番前に行う通し練習は？,ゲネプロ,クランクアップ,テスト,衣装合わせ,0,本番同様に行う,舞台
1011,エンタメ,3,映画で物語の始まりを示す導入部分は？,プロローグ,クライマックス,エピローグ,ハイライト,0,世界観説明の役割,映画
1012,エンタメ,3,音楽ライブで最後に再登場して演奏することは？,アンコール,リプレイ,セカンドステージ,再放送,0,観客の拍手で行われる,音楽
1013,エンタメ,3,テレビ番組で放送時間に合わせて内容を調整する役職は？,構成作家,照明,カメラマン,音声,0,番組の流れを作る,テレビ
1014,エンタメ,3,映画で緊張感を高めるためによく使われる演出は？,BGMの変化,字幕表示,明るい照明,無音CM,0,音で感情を操作,映画
1015,エンタメ,1,音楽アルバムで最初に収録されることが多い曲は？,リード曲,最終曲,未発表曲,即興曲,0,作品の顔になる,音楽
1016,エンタメ,1,舞台で役者が観客に背を向けない立ち位置は？,正面意識,逆配置,裏向き,ランダム配置,0,声と表情を届けるため,舞台
1017,エンタメ,2,映画の撮影終了を意味する合図は？,クランクアップ,カット,スタート,アクション,0,撮影完了の言葉,映画
1018,エンタメ,2,テレビ番組の収録を円滑に進める役割は？,フロアディレクター,編集者,出演者,視聴者,0,現場の進行管理,テレビ
1019,エンタメ,2,音楽でテンポを一定に保つための基準は？,拍,音程,音色,音量,0,リズムの基本単位,音楽
1020,エンタメ,3,映画や舞台で物語の締めくくり部分は？,エピローグ,プロローグ,サビ,導入,0,物語の余韻を残す,総合
1021,エンタメ,1,ゲーム開始時に最初に表示される画面は？,タイトル画面,リザルト画面,設定画面,セーブ画面,0,最初に操作する画面,ゲーム
1022,エンタメ,1,ゲームで操作方法を確認できる項目は？,チュートリアル,エンディング,ランキング,課金画面,0,初心者向け説明,ゲーム
1023,エンタメ,1,プレイヤーの体力を表す数値は？,HP,MP,EXP,LV,0,ヒットポイントの略,ゲーム
1024,エンタメ,1,ゲームで敵を倒した報酬として得られることが多いものは？,経験値,罰金,広告,制限時間,0,成長要素の基本,ゲーム
1025,エンタメ,2,ゲームで一定時間操作できなくなる状態は？,スタン,セーブ,バフ,リセット,0,行動不能の状態異常,ゲーム
1026,エンタメ,2,難易度が上がるほど増えやすい要素は？,敵の強さ,文字数,音量,画面サイズ,0,挑戦向け調整,ゲーム
1027,エンタメ,2,ゲームで「ボス戦」の特徴は？,強敵との戦い,必ず負ける,操作不能になる,時間制限のみ,0,区切りとして配置される,ゲーム
1028,エンタメ,2,ゲーム内で能力を一時的に上げる効果は？,バフ,デバフ,セーブ,ロード,0,強化効果の総称,ゲーム
1029,エンタメ,2,アイテムを使うために必要な画面は？,インベントリ,タイトル,マップ,リザルト,0,所持品一覧,ゲーム
1030,エンタメ,2,ゲームで進行状況を保存する操作は？,セーブ,ロード,リトライ,スキップ,0,中断に必須,ゲーム
1031,エンタメ,3,ゲームでプレイヤーの選択により展開が変わる要素は？,分岐,演出,UI,色調,0,マルチエンディングなど,ゲーム
1032,エンタメ,3,ゲームの操作感に大きく影響する要素は？,レスポンス,解像度,文字数,BGM,0,入力の遅延が少ないほど良い,ゲーム
1033,エンタメ,3,ゲームでプレイヤーの選択により展開が変わる要素は？,分岐,演出,UI,色調,0,数値が極端になる,ゲーム
1034,エンタメ,3,ゲームで作者の想定外の挙動を利用する行為は？,バグ利用,正規プレイ,チュートリアル,演出,0,意図しない動作,ゲーム
1035,エンタメ,1,ゲーム中に一時停止する操作は？,ポーズ,スキップ,カット,ミュート,0,操作を止める機能,ゲーム
1036,エンタメ,1,ゲームで再挑戦することを何という？,リトライ,セーブ,アンインストール,クリア,0,失敗後の再挑戦,ゲーム
1037,エンタメ,2,ゲーム内の地形や仕掛けをまとめて何と呼ぶ？,ステージ,キャラ,UI,ログ,0,プレイ空間全体,ゲーム
1038,エンタメ,2,ゲームで獲得した実績を一覧で確認できるものは？,実績リスト,セーブデータ,設定画面,タイトル画面,0,達成要素の記録,ゲーム
1039,エンタメ,2,ゲームで制限時間内に行動する要素は？,タイム制,自動進行,放置,固定演出,0,スピードが求められる,ゲーム
1040,エンタメ,3,ゲーム体験を損なわないために重要なのは？,操作の分かりやすさ,文字の多さ,説明の長さ,色数の多さ,0,UI・UXの基本,ゲーム
1041,エンタメ,1,ゲームで操作キャラを動かす入力装置は？,コントローラー,モニター,スピーカー,ケーブル,0,ボタンやスティックで操作,ゲーム
1042,エンタメ,1,ゲームで敵に与えるダメージ量を左右する要素は？,攻撃力,画面サイズ,音量,文字数,0,数値で管理されることが多い,ゲーム
1043,エンタメ,1,ゲーム開始前に設定できることが多い項目は？,難易度,エンディング,実績,ランキング,0,プレイ体験に影響,ゲーム
1044,エンタメ,1,ゲーム中に現在地を確認できる画面は？,マップ,タイトル,リザルト,セーブ,0,迷子防止に重要,ゲーム
1045,エンタメ,2,ゲームで「コンボ」とは？,連続攻撃,一撃必殺,回復行動,防御動作,0,一定時間で回復,ゲーム
1046,エンタメ,2,ゲームで「コンボ」とは？,連続攻撃,一撃必殺,回復行動,防御動作,0,タイミングが重要,ゲーム
1047,エンタメ,2,ゲームでキャラクターの能力を一時的に下げるのは？,デバフ,バフ,セーブ,ロード,0,弱体化効果の総称,ゲーム
1048,エンタメ,2,ゲームでキャラの見た目を変える要素は？,スキン,バフ,セーブ,ログ,0,性能が変わらない場合もある,ゲーム
1049,エンタメ,2,ゲームで敵の出現位置を調整する仕組みは？,スポーン,リトライ,ロード,リセット,0,出現管理の基本,ゲーム
1050,エンタメ,2,ゲームで連続して失敗すると起こりやすいことは？,ゲームオーバー,自動クリア,レベルアップ,セーブ完了,0,再挑戦が必要,ゲーム
1051,エンタメ,3,ゲームデザインで「リスクとリターン」とは？,危険と報酬のバランス,音と映像の調整,難易度固定,説明量の調整,0,挑戦の動機づけ,ゲーム
1052,エンタメ,3,ゲームで操作の遅れを感じる原因は？,入力遅延,高難易度,演出過多,色数不足,0,レスポンス低下,ゲーム
1053,エンタメ,3,ゲームの「メタ要素」とは？,作中以外の要素,画面解像度,音質設定,操作説明,0,プレイ外の知識,ゲーム
1054,エンタメ,3,ゲームに一定の条件を追加して遊ぶ行動は？,縛りプレイ,チュートリアル,通常進行,自動操作,0,プレイヤー独自の挑戦,ゲーム
1055,エンタメ,1,ゲーム中に音量を調整する設定は？,サウンド設定,難易度設定,表示設定,操作設定,0,BGMや効果音を調整,ゲーム
1056,エンタメ,1,ゲームで一度失敗しても直前から再開できる仕組みは？,チェックポイント,タイトル画面,エンディング,プロローグ,0,遊びやすさ向上,ゲーム
1057,エンタメ,2,ゲームでプレイヤーが成長を実感しやすい要素は？,レベルアップ,演出,音量,文字装飾,0,数値変化が分かりやすい,ゲーム
1058,エンタメ,2,ゲームのUIで常に表示されることが多い情報は？,体力ゲージ,エンディング,スタッフロール,利用規約,0,プレイ中の重要情報,ゲーム
1059,エンタメ,2,ゲームで敵を避けて進む遊び方は？,ステルス,ゴリ押し,放置,自動進行,0,見つからないように進む,ゲーム
1060,エンタメ,3,ゲーム体験を長く楽しませるために重要なのは？,適度な達成感,説明の多さ,操作の複雑さ,演出の派手さ,0,継続プレイの鍵,ゲーム
1061,エンタメ,1,映画館で本編前に流れる短い宣伝映像は？,予告編,本編,エンドロール,特典映像,0,次回作などを紹介,映画
1062,エンタメ,1,テレビ番組で進行役を務める人は？,司会者,編集者,観客,照明係,0,番組の中心人物,テレビ
1063,エンタメ,1,音楽で曲の速さを表す言葉は？,テンポ,キー,コード,音域,0,BPMで表されることも,音楽
1064,エンタメ,1,舞台で役者の声を客席に届ける工夫は？,発声,衣装,色使い,立ち位置,0,マイクなしでも重要,舞台
1065,エンタメ,2,映画の撮影でカメラの動きを設計する人は？,撮影監督,音響監督,美術監督,編集者,0,映像表現の責任者,映画
1066,エンタメ,2,テレビ番組で放送順を決める作業は？,構成,照明,録音,字幕,0,番組の流れを作る,テレビ
1067,エンタメ,2,音楽ライブで観客が曲の合間に声を出す行為は？,コール,合唱,拍手,合図,0,一体感を生む,音楽
1068,エンタメ,2,舞台公演で照明の色を変える目的は？,感情表現,温度調整,視力補助,装置確認,0,雰囲気作りに重要,舞台
1069,エンタメ,2,映画で場面転換を分かりやすくする方法は？,カット,字幕,静止画,逆再生,0,編集技法の基本,映画
1070,エンタメ,2,テレビ番組の収録でNGが出た時に行うのは？,撮り直し,放送中止,即終了,編集放棄,0,完成度を上げるため,テレビ
1071,エンタメ,3,映画で物語の山場を何という？,クライマックス,プロローグ,エピローグ,導入,0,最も盛り上がる場面,映画
1072,エンタメ,3,音楽で複数の音を同時に鳴らすことは？,和音,旋律,リズム,単音,0,ハーモニーを作る,音楽
1073,エンタメ,3,舞台で役者が動く位置を事前に決めることは？,立ち稽古,読み合わせ,本読み,衣装合わせ,0,動線を確認する稽古,舞台
1074,エンタメ,3,テレビ番組で放送時間を超えないよう管理する役割は？,タイムキーパー,司会者,出演者,観客,0,進行管理の重要役,テレビ
1075,エンタメ,1,映画や舞台で物語の終わりを示す部分は？,エンディング,イントロ,サビ,中盤,0,余韻を残す役割,音楽
1076,エンタメ,1,映画や舞台で物語の終わりを示す部分は？,エンディング,イントロ,サビ,中盤,0,物語の締めくくり,総合
1077,エンタメ,2,テレビ番組で映像に文字を重ねて表示する演出は？,テロップ,ナレーション,効果音,字幕翻訳,0,情報補足や強調,テレビ
1078,エンタメ,2,音楽制作で曲の構成を考える人は？,作曲者,演奏者,観客,録音係,0,メロディやコードを作る,音楽
1079,エンタメ,2,映画の完成後に行われる最終確認作業は？,試写,本撮影,台本修正,再録音,0,関係者向け上映,映画
1080,エンタメ,3,エンタメ全般で大切とされる要素は？,観客の体験,制作時間,機材の数,説明の長さ,0,楽しさや没入感,総合
1081,エンタメ,1,映画で登場人物が話す内容を書いたものは？,台本,絵コンテ,設定資料,予告編,0,セリフや動きが書かれている,映画
1082,エンタメ,1,テレビ番組で視聴者の反応を表す数値は？,視聴率,音量,再生数,解像度,0,番組評価の指標,テレビ
1083,エンタメ,1,音楽ライブで曲と曲の間の演奏部分は？,間奏,前奏,サビ,アウトロ,0,楽器だけのこともある,音楽
1084,エンタメ,1,舞台で役者が本番前に声を出して行う準備は？,発声練習,衣装合わせ,照明確認,客入れ,0,喉を整える,舞台
1085,エンタメ,2,映画でカメラの位置や動きを事前に描いたものは？,絵コンテ,台本,予告編,字幕,0,映像設計図,映画
1086,エンタメ,2,テレビ番組で収録した映像を整理する作業は？,編集,放送,照明,構成,0,不要部分をカット,テレビ
1087,エンタメ,2,音楽で同じメロディを繰り返す部分は？,リフ,サビ,コード,転調,0,印象に残りやすい,音楽
1088,エンタメ,2,舞台公演で本番直前に行う最終確認は？,最終リハーサル,読み合わせ,初稽古,打ち上げ,0,通しで確認,舞台
1089,エンタメ,2,映画で登場人物の心情を表すためによく使われるのは？,表情,字幕,色分け,効果音のみ,0,演技の基本,映画
1090,エンタメ,2,テレビ番組で出演者以外の声を入れる演出は？,ナレーション,アフレコ,ライブ音声,効果音,0,状況説明など,テレビ
1091,エンタメ,3,音楽で曲調が途中で変わることを何という？,転調,反復,減速,強調,0,短時間で流れを見せる,映画
1092,エンタメ,3,音楽で曲調が途中で変わることを何という？,転調,反復,減速,強調,0,キーが変わる,音楽
1093,エンタメ,3,舞台で役者の動きを舞台全体で確認する稽古は？,立ち稽古,本読み,読み合わせ,衣装稽古,0,動線を確認,舞台
1094,エンタメ,2,映画の公開前に関係者向けに行う上映は？,試写会,本上映,再上映,特別版,0,最終チェック,テレビ
1095,エンタメ,1,映画で登場人物が初めて現れる場面は？,初登場,再登場,回想,結末,0,印象付けが重要,映画
1096,エンタメ,1,音楽ライブで観客が演奏に合わせて手をたたく行為は？,手拍子,合唱,掛け声,合図,0,リズムを共有,音楽
1097,エンタメ,2,舞台で衣装やメイクを含めて行う稽古は？,通し稽古,本読み,立ち稽古,初稽古,0,本番に近い形,舞台
1098,エンタメ,2,映画の公開前に関係者向けに行う上映は？,試写会,本上映,再上映,特別版,0,完成確認のため,映画
1099,エンタメ,2,テレビ番組で映像に効果的な音を加えることは？,効果音,主題歌,ナレーション,無音処理,0,演出を強める,テレビ
1100,エンタメ,3,エンタメ作品で重要視される「テンポ」とは？,進行の速さ,音の高さ,色の濃さ,文字数,0,飽きさせない工夫,総合
1101,歴史,1,人類が文字を使い始めた理由は？,記録を残すため,飾りのため,遊びのため,戦争のため,0,文明発展の基盤,世界史
1102,歴史,1,日本で稲作が広まった時代は？,弥生時代,縄文時代,古墳時代,奈良時代,0,農耕社会の始まり,日本史
1103,歴史,1,昔の人が太陽の動きで知ろうとしたものは？,時間,場所,距離,温度,0,暦の基礎,世界史
1104,歴史,1,城が高い場所に建てられた理由は？,守りを強くするため,景色が良いから,寒いから,水が多いから,0,防御の工夫,日本史
1105,歴史,2,紙が広まったことで変わったことは？,情報が伝わりやすくなった,戦争がなくなった,言葉が不要になった,農業が消えた,0,文化の発展に貢献,世界史
1106,歴史,2,航海技術の発達で可能になったことは？,遠くの国との交流,空を飛ぶ,地下移動,時間停止,0,大航海時代,日本史
1107,歴史,2,昔の人が貨幣を使った目的は？,取引を便利にするため,装飾のため,武器にするため,身分表示,0,物々交換の代替,世界史
1108,歴史,2,戦いの前に同盟を結ぶ目的は？,戦力を強めるため,文化交流,祭り開催,税金免除,0,政治的判断,日本史
1109,歴史,2,古代の人々が神を信じた理由は？,自然現象の説明,娯楽のため,文字練習,移動手段,0,信仰の始まり,世界史
1110,歴史,2,城下町が発展した理由は？,人が集まったから,川が消えたから,農業禁止,山が崩れた,0,政治と経済の中心,日本史
1111,歴史,3,革命が起こる主な原因は？,不満の高まり,天候の変化,技術不足,人口減少,0,因果関係が分かる,総合
1112,歴史,3,革命が起こる主な原因は？,不満の高まり,天候の変化,技術不足,人口減少,0,社会構造の変化,世界史
1113,歴史,3,法律が作られた目的は？,秩序を保つため,戦争を増やすため,文化統一,税をなくす,0,社会安定,日本史
1114,歴史,3,古代文明が川の近くで栄えた理由は？,農業に水が必要,景色が良い,敵が少ない,石が多い,0,生活の基盤,世界史
1115,歴史,1,昔の旅が大変だった理由は？,移動手段が少ない,地図が禁止,夜がない,言葉が一つ,0,徒歩や馬が中心,世界史
1116,歴史,1,歴史資料として価値が高いものは？,当時の記録,後世の想像,現代の感想,物語のみ,0,一次資料,日本史
1117,歴史,2,戦国時代に城が増えた理由は？,争いが多かった,人口が減った,農業が消えた,平和だった,0,防衛拠点,日本史
1118,歴史,2,歴史を学ぶ目的として適切なのは？,過去から学ぶため,未来を固定する,争いを増やす,暗記競争,0,教訓を得る,総合
1119,歴史,2,王や支配者が法律を定めた理由は？,国をまとめるため,自由をなくすため,税をなくすため,文化廃止,0,統治のため,世界史
1120,歴史,3,歴史で同じ出来事が複数の見方で語られる理由は？,立場が違うから,事実が一つだから,記録が禁止,時間が止まる,0,視点の違い,総合
1121,歴史,1,人類が道具を使い始めた理由は？,生活を便利にするため,遊びのため,装飾のため,記念のため,0,生存率向上,世界史
1122,歴史,1,古代の人々が壁画を描いた目的は？,記録や祈りのため,装飾のみ,遊戯のため,文字練習,0,文化と信仰,世界史
1123,歴史,1,日本で仏教が広まった理由は？,国をまとめるため,農業のため,交易のみ,戦争回避,0,思想と政治,日本史
1124,歴史,1,昔の人が暦を作った理由は？,季節を知るため,装飾目的,戦争計画,娯楽のため,0,農業と生活,日本史
1125,歴史,2,封建制度の特徴は？,主従関係で支配,選挙で決定,貨幣のみで統治,無政府状態,0,土地と忠誠,世界史
1126,歴史,2,街道が整備された主な目的は？,人や物の移動,景観の向上,敵の誘導,農地拡大,0,経済と統治,日本史
1127,歴史,2,歴史上の条約の役割は？,争いを終わらせる,文化を消す,人口を減らす,技術停止,0,外交の手段,世界史
1128,歴史,2,身分制度が作られた理由は？,社会を安定させる,自由を増やす,戦争回避のみ,税廃止,0,役割分担,日本史
1129,歴史,2,古代文明で青銅が使われた理由は？,加工しやすい,光るから,軽いから,水に強い,0,道具と武器,世界史
1130,歴史,2,港町が発展しやすかった理由は？,交易が盛ん,山が多い,農地が広い,城が多い,0,物流拠点,日本史
1131,歴史,3,歴史書が複数存在する利点は？,比較できる,正解が一つになる,記録が減る,理解が不要,0,多角的理解,総合
1132,歴史,3,宗教が社会に与えた影響は？,価値観の形成,気温変化,人口減少のみ,技術停止,0,文化と規範,世界史
1133,歴史,3,技術革新が歴史を変える理由は？,生活様式が変化,時間が止まる,人口が消える,言語統一,0,社会構造変化,世界史
1134,歴史,3,民主的な制度が生まれた背景は？,民意を反映するため,戦争増加,王の趣味,宗教儀式,0,政治参加,世界史
1135,歴史,1,昔の地図が不正確だった理由は？,測量技術が未発達,嘘を書くため,秘密保持,装飾重視,0,技術制約,世界史
1136,歴史,1,手紙が重要だった理由は？,遠距離連絡手段,装飾目的,法律義務,娯楽,0,通信手段,日本史
1137,歴史,2,農業革命が起きた影響は？,定住生活が進む,移動増加,狩猟中心,人口消失,0,社会回復,総合
1138,歴史,2,農業革命が起きた影響は？,定住生活が進む,移動増加,狩猟中心,人口消失,0,社会変化,世界史
1139,歴史,2,歴史資料の保存が重要な理由は？,後世に伝えるため,税金削減,即時利用,娯楽提供,0,記録継承,日本史
1140,歴史,3,歴史から学ぶ最大の利点は？,同じ失敗を避ける,未来予知,争い増加,暗記力向上,0,教訓の活用,総合
1141,歴史,1,人類が定住生活を始めた主な理由は？,農業の発展,戦争の増加,文字の発明,貨幣の誕生,0,食料を安定確保,日本史
1142,歴史,1,昔の社会で年貢が集められた目的は？,国や領地の運営,個人貯蓄,商業禁止,人口調査,0,支配の基盤,日本史
1143,歴史,1,古代の王が権力を示すために行ったことは？,大きな建造物の建設,農作業,商売,移住,0,権威の象徴,世界史
1144,歴史,1,歴史上で文字が果たした役割は？,情報の保存,娯楽のみ,戦争回避,農地拡大,0,文明発展の要,世界史
1145,歴史,2,都市が発展するために重要だった条件は？,交通の便,山の高さ,気温の低さ,人口制限,0,人と物が集まる,日本史
1146,歴史,2,歴史上の改革が行われる理由は？,社会の問題を解決,娯楽増加,自然災害,偶然,0,制度の見直し,世界史
1147,歴史,2,昔の学校の役割は？,知識を伝える,戦争訓練,税収増加,娯楽提供,0,教育の始まり,日本史
1148,歴史,2,条約が破られると起こりやすいことは？,争いの再発,人口増加,文化統一,技術進歩停止,0,外交問題,世界史
1149,歴史,2,城壁が都市を囲んだ理由は？,外敵から守る,景観向上,税収増加,交通制限,0,防衛目的,世界史
1150,歴史,2,歴史上で交易路が重要だった理由は？,物と文化が伝わる,戦争のみ発生,農業停止,人口減少,0,交流の道,世界史
1151,歴史,3,歴史研究で複数資料を使う理由は？,偏りを防ぐ,暗記量削減,正解固定,調査短縮,0,客観性向上,総合
1152,歴史,3,権力が集中しすぎると起こりやすい問題は？,反発や不満,平和の継続,文化消滅,技術停止,0,社会不安,日本史
1153,歴史,3,産業の発展が社会に与えた影響は？,生活様式の変化,時間停止,人口消失,言語統一,0,都市化など,世界史
1154,歴史,3,憲法が作られる主な目的は？,権力を制限する,戦争促進,税金廃止,文化排除,0,国の基本ルール,世界史
1155,歴史,1,昔の人々が祭りを行った理由は？,信仰や感謝,商売のみ,移動訓練,教育義務,0,共同体の結束,日本史
1156,歴史,1,歴史上で手工業が重要だった理由は？,生活必需品を作る,娯楽提供,農業代替,政治目的,0,道具や衣服,日本史
1157,歴史,2,植民地が作られた主な目的は？,資源や利益の確保,文化交流のみ,平和維持,人口削減,0,経済的背景,世界史
1158,歴史,2,戦争後に講和が結ばれる理由は？,争いを終わらせる,技術向上,人口増加,文化統一,0,平和回復,世界史
1159,歴史,2,印刷技術が広まった影響は？,知識の普及,農業衰退,文字消滅,交通減少,0,情報革命,世界史
1160,歴史,3,歴史を学ぶ際に因果関係を見る理由は？,出来事のつながりを理解,暗記を楽にする,意見統一,資料削減,0,流れを把握,総合
1161,スポーツ,1,サッカーで試合を止める合図を出すのは？,審判,監督,キャプテン,ゴールキーパー,0,笛で合図,サッカー
1162,スポーツ,1,野球でボールを投げる役割は？,ピッチャー,バッター,キャッチャー,ランナー,0,守備の中心,野球
1163,スポーツ,1,バスケットボールでゴールの下にある網は？,ネット,フェンス,マット,ライン,0,リングに付属,バスケ
1164,スポーツ,1,テニスで試合開始の打球は？,サーブ,リターン,スマッシュ,ドロップ,0,最初の一打,テニス
1165,スポーツ,2,バレーボールで相手の攻撃を止めるプレーは？,ブロック,レシーブ,トス,サーブ,0,ネット際の守備,バレー
1166,スポーツ,2,サッカーで相手の反則により得られる蹴り直しは？,フリーキック,スローイン,コーナー,キックオフ,0,反則後の再開,サッカー
1167,スポーツ,2,陸上競技で走る速さを競う種目は？,短距離走,跳躍,投てき,競歩,0,100mなど,陸上
1168,スポーツ,2,卓球で得点が入る条件は？,相手が返せない,強く打つ,高く打つ,連続で打つ,0,基本ルール,卓球
1169,スポーツ,2,ゴルフでボールを最初に打つ場所は？,ティーグラウンド,グリーン,フェアウェイ,ラフ,0,各ホールの開始点,ゴルフ
1170,スポーツ,2,水泳で一番速い泳法とされるのは？,クロール,平泳ぎ,背泳ぎ,バタフライ,0,自由形で使用,水泳
1171,スポーツ,3,サッカーで守備側のゴール前に設けられた区域は？,ペナルティエリア,センターサークル,タッチライン,ゴールライン,0,PKに関係,サッカー
1172,スポーツ,3,野球で試合が同点のまま終わることを何という？,引き分け,延長,再試合,無効試合,0,時間制限など,日本野球
1173,スポーツ,3,バスケットボールで反則を何度もすると？,退場,得点倍,時間停止,即勝利,0,個人ファウル制限,バスケ
1174,スポーツ,3,バスケットボールで反則を何度もすると？,退場,得点倍,時間停止,即勝利,0,順番制,テニス
1175,スポーツ,1,マラソンは主に何を競う競技？,持久力,瞬発力,跳躍力,柔軟性,0,長距離走,陸上
1176,スポーツ,1,バドミントンでコートを仕切るものは？,ネット,ロープ,フェンス,ラインテープ,0,中央に張られる,バドミントン
1177,スポーツ,2,ラグビーで得点の基本となる行為は？,トライ,シュート,タッチ,ヒット,0,ゴールライン越え,ラグビー
1178,スポーツ,2,体操競技で床の演技を行う種目は？,ゆか,あん馬,鉄棒,つり輪,0,マット上で演技,体操
1179,スポーツ,2,スキー競技で旗の間を通過しながら滑る種目は？,回転,ジャンプ,距離,クロスカントリー,0,スラローム系,スキー
1180,スポーツ,3,スポーツ全般でフェアプレーが重視される理由は？,競技の公正さを保つ,勝敗を早める,観客を減らす,技術を隠す,0,スポーツマンシップ,総合
